Date,Tweets,Likes
20240714-1630,0,0
20240714-1635,0,0
20240714-1640,0,0
20240714-1645,0,0
20240714-1650,0,0
20240714-1655,0,0
20240714-1700,0,0
20240714-1705,0,0
20240714-1710,0,0
20240714-1715,2,3
20240714-1720,0,5
20240714-1725,0,4
20240714-1730,0,1
20240714-1735,0,0
20240714-1740,0,2
20240714-1745,0,3
20240714-1750,1,3
20240714-1755,0,3
20240714-1800,0,0
20240714-1805,0,0
20240714-1810,0,2
20240714-1815,0,1
20240714-1820,0,0
20240714-1825,0,0
20240714-1830,0,0
20240714-1835,0,0
20240714-1840,0,0
20240714-1845,0,0
20240714-1850,0,0
20240714-1855,0,0
20240714-1900,0,2
20240714-1905,0,0
20240714-1910,1,2
20240714-1915,0,0
20240714-1920,4,3
20240714-1925,0,0
20240714-1930,0,0
20240714-1935,0,0
20240714-1940,0,0
20240714-1945,0,0
20240714-1950,1,1
20240714-1955,1,0
20240714-2000,2,4
20240714-2005,1,2
20240714-2010,1,5
20240714-2015,0,0
20240714-2020,0,0
20240714-2025,0,0
20240714-2030,0,3
20240714-2035,0,3
20240714-2040,1,0
20240714-2045,0,1
20240714-2050,0,1
20240714-2055,3,3
20240714-2100,2,7
20240714-2105,0,1
20240714-2110,0,0
20240714-2115,0,0
20240714-2120,0,0
20240714-2125,0,0
20240714-2130,0,0
20240714-2135,0,0
20240714-2140,0,0
20240714-2145,0,0
20240714-2150,0,0
20240714-2155,1,2
20240714-2200,0,0
20240714-2205,0,0
20240714-2210,0,0
20240714-2215,0,0
20240714-2220,0,4
20240714-2225,0,0
20240714-2230,0,0
20240714-2235,0,0
20240714-2240,0,4
20240714-2245,0,1
20240714-2250,0,2
20240714-2255,0,0
20240714-2300,2,2
20240714-2305,1,1
20240714-2310,0,2
20240714-2315,1,6
20240714-2320,1,3
20240714-2325,0,0
20240714-2330,0,0
20240714-2335,0,2
20240714-2340,1,2
20240714-2345,0,1
20240714-2350,0,0
20240714-2355,0,0
20240715-0000,0,0
20240715-0005,0,0
20240715-0010,0,0
20240715-0015,0,0
20240715-0020,0,0
20240715-0025,0,0
20240715-0030,0,0
20240715-0035,0,0
20240715-0040,0,0
20240715-0045,0,0
20240715-0050,0,0
20240715-0055,0,0
20240715-0100,0,0
20240715-0105,0,0
20240715-0110,0,0
20240715-0115,0,0
20240715-0120,0,0
20240715-0125,0,0
20240715-0130,0,0
20240715-0135,0,0
20240715-0140,0,0
20240715-0145,0,0
20240715-0150,0,0
20240715-0155,0,0
20240715-0200,0,0
20240715-0205,0,0
20240715-0210,0,0
20240715-0215,0,0
20240715-0220,0,0
20240715-0225,0,0
20240715-0230,0,0
20240715-0235,0,0
20240715-0240,0,0
20240715-0245,0,0
20240715-0250,0,0
20240715-0255,0,0
20240715-0300,0,0
20240715-0305,0,0
20240715-0310,0,0
20240715-0315,0,0
20240715-0320,0,0
20240715-0325,0,0
20240715-0330,0,0
20240715-0335,0,0
20240715-0340,0,0
20240715-0345,0,0
20240715-0350,0,0
20240715-0355,0,0
20240715-0400,0,0
20240715-0405,0,0
20240715-0410,0,0
20240715-0415,0,0
20240715-0420,0,0
20240715-0425,0,0
20240715-0430,0,0
20240715-0435,0,0
20240715-0440,0,0
20240715-0445,0,0
20240715-0450,0,0
20240715-0455,0,0
20240715-0500,0,0
20240715-0505,0,0
20240715-0510,0,0
20240715-0515,0,0
20240715-0520,0,0
20240715-0525,0,0
20240715-0530,0,0
20240715-0535,0,0
20240715-0540,0,0
20240715-0545,0,0
20240715-0550,0,0
20240715-0555,0,0
20240715-0600,0,0
20240715-0605,0,0
20240715-0610,0,0
20240715-0615,0,0
20240715-0620,0,0
20240715-0625,0,0
20240715-0630,0,0
20240715-0635,0,0
20240715-0640,0,0
20240715-0645,0,0
20240715-0650,0,0
20240715-0655,0,0
20240715-0700,0,0
20240715-0705,0,0
20240715-0710,0,0
20240715-0715,0,0
20240715-0720,0,0
20240715-0725,0,0
20240715-0730,0,3
20240715-0735,1,4
20240715-0740,0,1
20240715-0745,0,3
20240715-0750,3,4
20240715-0755,1,1
20240715-0800,1,1
20240715-0805,1,3
20240715-0810,4,3
20240715-0815,0,0
20240715-0820,2,1
20240715-0825,3,10
20240715-0830,3,6
20240715-0835,1,1
20240715-0840,3,3
20240715-0845,2,3
20240715-0850,2,2
20240715-0855,0,0
20240715-0900,1,7
20240715-0905,1,6
20240715-0910,2,11
20240715-0915,3,2
20240715-0920,1,2
20240715-0925,3,2
20240715-0930,0,1
20240715-0935,0,-2
20240715-0940,0,0
20240715-0945,0,0
20240715-0950,0,0
20240715-0955,0,0
20240715-1000,0,0
20240715-1005,0,0
20240715-1010,0,0
20240715-1015,0,0
20240715-1020,0,0
20240715-1025,0,0
20240715-1030,0,0
20240715-1035,0,0
20240715-1040,0,0
20240715-1045,0,0
20240715-1050,0,0
20240715-1055,0,0
20240715-1100,0,0
20240715-1105,0,0
20240715-1110,0,0
20240715-1115,0,0
20240715-1120,0,0
20240715-1125,0,0
20240715-1130,0,0
20240715-1135,0,0
20240715-1140,0,0
20240715-1145,0,0
20240715-1150,0,0
20240715-1155,0,1
20240715-1200,1,0
20240715-1205,3,12
20240715-1210,5,6
20240715-1215,1,1
20240715-1220,0,0
20240715-1225,0,0
20240715-1230,2,3
20240715-1235,2,9
20240715-1240,7,6
20240715-1245,0,3
20240715-1250,0,0
20240715-1255,0,0
20240715-1300,1,12
20240715-1305,3,12
20240715-1310,0,5
20240715-1315,1,10
20240715-1320,4,16
20240715-1325,0,6
20240715-1330,1,1
20240715-1335,0,0
20240715-1340,0,0
20240715-1345,0,0
20240715-1350,0,0
20240715-1355,0,0
20240715-1400,0,0
20240715-1405,0,0
20240715-1410,0,0
20240715-1415,0,0
20240715-1420,0,0
20240715-1425,0,0
20240715-1430,0,0
20240715-1435,0,0
20240715-1440,0,0
20240715-1445,0,0
20240715-1450,0,0
20240715-1455,0,0
20240715-1500,0,0
20240715-1505,0,0
20240715-1510,0,0
20240715-1515,0,0
20240715-1520,0,0
20240715-1525,0,0
20240715-1530,0,0
20240715-1535,0,0
20240715-1540,0,0
20240715-1545,0,0
20240715-1550,0,0
20240715-1555,0,0
20240715-1600,0,0
20240715-1605,0,0
20240715-1610,0,0
20240715-1615,0,0
20240715-1620,0,0
20240715-1625,0,0
20240715-1630,0,0
20240715-1635,1,7
20240715-1640,1,1
20240715-1645,4,5
20240715-1650,0,0
20240715-1655,0,0
20240715-1700,1,2
20240715-1705,0,1
20240715-1710,0,1
20240715-1715,1,8
20240715-1720,4,10
20240715-1725,2,3
20240715-1730,1,5
20240715-1735,0,2
20240715-1740,0,0
20240715-1745,0,0
20240715-1750,0,1
20240715-1755,0,0
20240715-1800,0,0
20240715-1805,0,0
20240715-1810,0,0
20240715-1815,0,0
20240715-1820,0,0
20240715-1825,0,0
20240715-1830,0,0
20240715-1835,0,0
20240715-1840,0,0
20240715-1845,0,0
20240715-1850,0,0
20240715-1855,0,0
20240715-1900,0,3
20240715-1905,0,0
20240715-1910,0,0
20240715-1915,0,-1
20240715-1920,0,0
20240715-1925,0,0
20240715-1930,0,0
20240715-1935,0,0
20240715-1940,0,0
20240715-1945,0,0
20240715-1950,0,0
20240715-1955,0,0
20240715-2000,0,0
20240715-2005,0,0
20240715-2010,0,0
20240715-2015,0,0
20240715-2020,0,0
20240715-2025,0,0
20240715-2030,0,0
20240715-2035,0,0
20240715-2040,0,0
20240715-2045,0,0
20240715-2050,0,0
20240715-2055,0,0
20240715-2100,0,0
20240715-2105,0,0
20240715-2110,0,0
20240715-2115,0,-16
20240715-2120,0,0
20240715-2125,0,0
20240715-2130,0,0
20240715-2135,0,0
20240715-2140,0,0
20240715-2145,0,0
20240715-2150,0,0
20240715-2155,0,0
20240715-2200,0,0
20240715-2205,0,0
20240715-2210,0,0
20240715-2215,0,0
20240715-2220,0,0
20240715-2225,0,0
20240715-2230,0,0
20240715-2235,1,0
20240715-2240,0,0
20240715-2245,1,0
20240715-2250,0,0
20240715-2255,0,0
20240715-2300,0,0
20240715-2305,0,0
20240715-2310,0,0
20240715-2315,0,0
20240715-2320,0,1
20240715-2325,1,2
20240715-2330,1,8
20240715-2335,0,0
20240715-2340,0,7
20240715-2345,1,2
20240715-2350,0,1
20240715-2355,0,0
20240716-0000,0,3
20240716-0005,0,3
20240716-0010,0,2
20240716-0015,0,1
20240716-0020,2,3
20240716-0025,1,10
20240716-0030,2,2
20240716-0035,2,4
20240716-0040,0,0
20240716-0045,0,0
20240716-0050,0,0
20240716-0055,0,0
20240716-0100,0,0
20240716-0105,0,0
20240716-0110,0,0
20240716-0115,0,0
20240716-0120,0,0
20240716-0125,0,0
20240716-0130,0,0
20240716-0135,0,0
20240716-0140,0,0
20240716-0145,0,0
20240716-0150,0,0
20240716-0155,0,0
20240716-0200,0,0
20240716-0205,0,0
20240716-0210,0,0
20240716-0215,0,0
20240716-0220,0,0
20240716-0225,0,0
20240716-0230,0,0
20240716-0235,0,0
20240716-0240,0,0
20240716-0245,0,0
20240716-0250,0,0
20240716-0255,0,0
20240716-0300,0,0
20240716-0305,0,0
20240716-0310,0,0
20240716-0315,0,0
20240716-0320,0,0
20240716-0325,0,0
20240716-0330,0,0
20240716-0335,0,0
20240716-0340,0,0
20240716-0345,0,0
20240716-0350,0,0
20240716-0355,0,0
20240716-0400,0,0
20240716-0405,0,0
20240716-0410,0,0
20240716-0415,0,0
20240716-0420,0,0
20240716-0425,0,0
20240716-0430,0,0
20240716-0435,0,0
20240716-0440,0,0
20240716-0445,0,0
20240716-0450,0,0
20240716-0455,0,0
20240716-0500,0,0
20240716-0505,0,0
20240716-0510,0,0
20240716-0515,0,0
20240716-0520,0,0
20240716-0525,0,0
20240716-0530,0,0
20240716-0535,0,0
20240716-0540,0,0
20240716-0545,0,0
20240716-0550,0,0
20240716-0555,0,0
20240716-0600,0,0
20240716-0605,0,0
20240716-0610,0,0
20240716-0615,0,0
20240716-0620,0,0
20240716-0625,0,0
20240716-0630,0,0
20240716-0635,0,0
20240716-0640,0,0
20240716-0645,0,0
20240716-0650,0,0
20240716-0655,0,1
20240716-0700,2,8
20240716-0705,0,1
20240716-0710,0,0
20240716-0715,0,1
20240716-0720,1,2
20240716-0725,0,5
20240716-0730,0,0
20240716-0735,3,4
20240716-0740,1,5
20240716-0745,3,10
20240716-0750,1,3
20240716-0755,3,6
20240716-0800,3,3
20240716-0805,3,7
20240716-0810,3,11
20240716-0815,1,1
20240716-0820,0,1
20240716-0825,1,7
20240716-0830,0,6
20240716-0835,0,1
20240716-0840,0,1
20240716-0845,0,0
20240716-0850,0,0
20240716-0855,0,0
20240716-0900,0,0
20240716-0905,0,0
20240716-0910,0,0
20240716-0915,0,0
20240716-0920,0,0
20240716-0925,0,0
20240716-0930,0,0
20240716-0935,0,0
20240716-0940,0,0
20240716-0945,0,0
20240716-0950,0,0
20240716-0955,0,0
20240716-1000,0,0
20240716-1005,0,0
20240716-1010,0,0
20240716-1015,0,0
20240716-1020,0,0
20240716-1025,0,0
20240716-1030,0,0
20240716-1035,2,3
20240716-1040,2,2
20240716-1045,0,0
20240716-1050,0,0
20240716-1055,0,0
20240716-1100,0,0
20240716-1105,0,0
20240716-1110,0,0
20240716-1115,1,2
20240716-1120,0,0
20240716-1125,0,0
20240716-1130,0,1
20240716-1135,1,0
20240716-1140,0,0
20240716-1145,0,0
20240716-1150,0,0
20240716-1155,0,0
20240716-1200,0,3
20240716-1205,4,3
20240716-1210,3,1
20240716-1215,3,3
20240716-1220,4,4
20240716-1225,2,2
20240716-1230,1,1
20240716-1235,2,0
20240716-1240,1,6
20240716-1245,1,1
20240716-1250,2,6
20240716-1255,3,2
20240716-1300,5,5
20240716-1305,0,9
20240716-1310,0,0
20240716-1315,0,0
20240716-1320,0,2
20240716-1325,1,0
20240716-1330,0,4
20240716-1335,2,2
20240716-1340,0,0
20240716-1345,0,0
20240716-1350,2,4
20240716-1355,0,0
20240716-1400,0,-1
20240716-1405,0,0
20240716-1410,0,0
20240716-1415,0,3
20240716-1420,1,5
20240716-1425,0,0
20240716-1430,0,0
20240716-1435,0,0
20240716-1440,0,0
20240716-1445,0,0
20240716-1450,0,0
20240716-1455,0,0
20240716-1500,0,0
20240716-1505,0,0
20240716-1510,0,0
20240716-1515,0,2
20240716-1520,3,5
20240716-1525,1,2
20240716-1530,0,4
20240716-1535,0,0
20240716-1540,2,2
20240716-1545,0,3
20240716-1550,0,0
20240716-1555,0,0
20240716-1600,0,-1
20240716-1605,0,0
20240716-1610,0,0
20240716-1615,0,0
20240716-1620,1,7
20240716-1625,1,0
20240716-1630,0,0
20240716-1635,1,2
20240716-1640,0,5
20240716-1645,2,5
20240716-1650,1,7
20240716-1655,0,0
20240716-1700,0,0
20240716-1705,0,0
20240716-1710,0,0
20240716-1715,0,0
20240716-1720,0,0
20240716-1725,0,0
20240716-1730,0,0
20240716-1735,0,0
20240716-1740,0,0
20240716-1745,0,0
20240716-1750,0,0
20240716-1755,0,0
20240716-1800,0,0
20240716-1805,0,0
20240716-1810,0,0
20240716-1815,0,0
20240716-1820,0,0
20240716-1825,0,0
20240716-1830,0,0
20240716-1835,0,3
20240716-1840,0,0
20240716-1845,1,2
20240716-1850,0,1
20240716-1855,0,0
20240716-1900,0,0
20240716-1905,0,2
20240716-1910,0,0
20240716-1915,0,0
20240716-1920,0,0
20240716-1925,0,0
20240716-1930,0,0
20240716-1935,0,0
20240716-1940,0,0
20240716-1945,0,0
20240716-1950,0,0
20240716-1955,0,0
20240716-2000,0,0
20240716-2005,0,-1
20240716-2010,0,0
20240716-2015,0,0
20240716-2020,1,1
20240716-2025,1,0
20240716-2030,0,0
20240716-2035,0,3
20240716-2040,0,3
20240716-2045,0,0
20240716-2050,0,1
20240716-2055,0,0
20240716-2100,0,0
20240716-2105,0,0
20240716-2110,0,0
20240716-2115,0,1
20240716-2120,2,2
20240716-2125,0,0
20240716-2130,2,4
20240716-2135,2,7
20240716-2140,0,1
20240716-2145,0,2
20240716-2150,0,8
20240716-2155,0,4
20240716-2200,1,0
20240716-2205,0,0
20240716-2210,0,0
20240716-2215,0,0
20240716-2220,3,2
20240716-2225,1,5
20240716-2230,2,1
20240716-2235,1,10
20240716-2240,1,3
20240716-2245,0,2
20240716-2250,0,0
20240716-2255,0,1
20240716-2300,0,0
20240716-2305,0,0
20240716-2310,0,0
20240716-2315,0,0
20240716-2320,0,0
20240716-2325,0,0
20240716-2330,0,0
20240716-2335,0,0
20240716-2340,0,0
20240716-2345,0,0
20240716-2350,0,0
20240716-2355,0,-1
20240717-0000,0,0
20240717-0005,0,0
20240717-0010,0,0
20240717-0015,0,0
20240717-0020,0,0
20240717-0025,0,0
20240717-0030,0,0
20240717-0035,0,0
20240717-0040,0,0
20240717-0045,0,0
20240717-0050,0,0
20240717-0055,0,0
20240717-0100,0,0
20240717-0105,0,0
20240717-0110,0,0
20240717-0115,0,0
20240717-0120,0,0
20240717-0125,0,0
20240717-0130,0,0
20240717-0135,0,0
20240717-0140,0,0
20240717-0145,0,0
20240717-0150,0,0
20240717-0155,0,0
20240717-0200,0,0
20240717-0205,0,0
20240717-0210,0,0
20240717-0215,0,0
20240717-0220,0,0
20240717-0225,0,0
20240717-0230,0,0
20240717-0235,0,0
20240717-0240,0,0
20240717-0245,0,0
20240717-0250,0,0
20240717-0255,0,0
20240717-0300,0,0
20240717-0305,0,0
20240717-0310,0,0
20240717-0315,0,0
20240717-0320,0,0
20240717-0325,0,0
20240717-0330,0,0
20240717-0335,0,0
20240717-0340,0,0
20240717-0345,0,0
20240717-0350,0,0
20240717-0355,0,0
20240717-0400,0,0
20240717-0405,0,0
20240717-0410,0,0
20240717-0415,0,0
20240717-0420,0,0
20240717-0425,0,0
20240717-0430,0,0
20240717-0435,0,0
20240717-0440,0,0
20240717-0445,0,0
20240717-0450,0,0
20240717-0455,0,0
20240717-0500,0,0
20240717-0505,0,0
20240717-0510,0,0
20240717-0515,0,0
20240717-0520,0,0
20240717-0525,0,0
20240717-0530,0,0
20240717-0535,0,0
20240717-0540,0,0
20240717-0545,0,0
20240717-0550,0,0
20240717-0555,0,0
20240717-0600,0,0
20240717-0605,0,0
20240717-0610,0,0
20240717-0615,0,0
20240717-0620,0,1
20240717-0625,0,1
20240717-0630,0,1
20240717-0635,2,2
20240717-0640,0,0
20240717-0645,0,2
20240717-0650,0,0
20240717-0655,0,2
20240717-0700,1,1
20240717-0705,1,2
20240717-0710,1,2
20240717-0715,0,1
20240717-0720,1,6
20240717-0725,2,4
20240717-0730,1,3
20240717-0735,1,1
20240717-0740,3,9
20240717-0745,1,5
20240717-0750,3,3
20240717-0755,1,3
20240717-0800,1,3
20240717-0805,0,1
20240717-0810,0,0
20240717-0815,0,0
20240717-0820,0,0
20240717-0825,0,0
20240717-0830,2,0
20240717-0835,0,0
20240717-0840,0,0
20240717-0845,0,1
20240717-0850,2,2
20240717-0855,0,0
20240717-0900,1,0
20240717-0905,0,0
20240717-0910,3,2
20240717-0915,3,8
20240717-0920,3,6
20240717-0925,4,3
20240717-0930,0,6
20240717-0935,3,6
20240717-0940,0,6
20240717-0945,1,1
20240717-0950,0,0
20240717-0955,0,0
20240717-1000,0,0
20240717-1005,0,0
20240717-1010,0,0
20240717-1015,0,0
20240717-1020,0,0
20240717-1025,0,0
20240717-1030,0,2
20240717-1035,2,10
20240717-1040,2,9
20240717-1045,1,8
20240717-1050,0,0
20240717-1055,0,0
20240717-1100,0,0
20240717-1105,2,2
20240717-1110,0,0
20240717-1115,0,0
20240717-1120,0,0
20240717-1125,0,0
20240717-1130,0,0
20240717-1135,0,0
20240717-1140,0,0
20240717-1145,0,0
20240717-1150,0,0
20240717-1155,0,0
20240717-1200,0,0
20240717-1205,0,0
20240717-1210,0,0
20240717-1215,0,0
20240717-1220,0,0
20240717-1225,0,0
20240717-1230,0,0
20240717-1235,0,0
20240717-1240,0,0
20240717-1245,0,0
20240717-1250,0,0
20240717-1255,0,0
20240717-1300,0,0
20240717-1305,0,0
20240717-1310,0,1
20240717-1315,0,0
20240717-1320,0,0
20240717-1325,0,0
20240717-1330,0,0
20240717-1335,0,0
20240717-1340,0,0
20240717-1345,0,0
20240717-1350,0,0
20240717-1355,0,0
20240717-1400,0,0
20240717-1405,0,0
20240717-1410,0,0
20240717-1415,0,0
20240717-1420,0,0
20240717-1425,0,0
20240717-1430,0,0
20240717-1435,1,2
20240717-1440,0,0
20240717-1445,0,0
20240717-1450,0,0
20240717-1455,0,0
20240717-1500,0,0
20240717-1505,0,0
20240717-1510,0,0
20240717-1515,0,0
20240717-1520,0,0
20240717-1525,0,0
20240717-1530,0,0
20240717-1535,2,2
20240717-1540,1,3
20240717-1545,0,0
20240717-1550,0,0
20240717-1555,0,0
20240717-1600,0,0
20240717-1605,0,0
20240717-1610,0,0
20240717-1615,0,0
20240717-1620,0,0
20240717-1625,0,0
20240717-1630,0,0
20240717-1635,0,0
20240717-1640,0,0
20240717-1645,0,0
20240717-1650,0,0
20240717-1655,0,0
20240717-1700,0,0
20240717-1705,0,0
20240717-1710,0,0
20240717-1715,0,0
20240717-1720,0,0
20240717-1725,0,0
20240717-1730,0,0
20240717-1735,0,0
20240717-1740,0,0
20240717-1745,0,0
20240717-1750,0,0
20240717-1755,0,0
20240717-1800,0,0
20240717-1805,0,0
20240717-1810,0,0
20240717-1815,0,0
20240717-1820,0,0
20240717-1825,0,0
20240717-1830,0,0
20240717-1835,0,0
20240717-1840,0,0
20240717-1845,0,0
20240717-1850,0,0
20240717-1855,0,0
20240717-1900,0,0
20240717-1905,0,0
20240717-1910,0,0
20240717-1915,0,0
20240717-1920,0,0
20240717-1925,0,0
20240717-1930,0,0
20240717-1935,0,0
20240717-1940,0,0
20240717-1945,0,1
20240717-1950,1,0
20240717-1955,0,0
20240717-2000,0,0
20240717-2005,0,0
20240717-2010,0,0
20240717-2015,0,0
20240717-2020,0,0
20240717-2025,0,0
20240717-2030,0,0
20240717-2035,0,0
20240717-2040,0,0
20240717-2045,0,0
20240717-2050,0,0
20240717-2055,0,0
20240717-2100,2,3
20240717-2105,4,8
20240717-2110,0,3
20240717-2115,0,0
20240717-2120,0,0
20240717-2125,0,6
20240717-2130,0,0
20240717-2135,0,0
20240717-2140,0,0
20240717-2145,0,0
20240717-2150,1,5
20240717-2155,0,0
20240717-2200,0,0
20240717-2205,0,0
20240717-2210,0,0
20240717-2215,0,0
20240717-2220,0,0
20240717-2225,0,0
20240717-2230,0,0
20240717-2235,0,0
20240717-2240,0,0
20240717-2245,0,0
20240717-2250,0,0
20240717-2255,0,0
20240717-2300,0,0
20240717-2305,0,0
20240717-2310,0,0
20240717-2315,0,0
20240717-2320,0,0
20240717-2325,0,0
20240717-2330,0,0
20240717-2335,0,0
20240717-2340,0,0
20240717-2345,0,0
20240717-2350,0,-1
20240717-2355,0,0
20240718-0000,0,0
20240718-0005,0,0
20240718-0010,0,0
20240718-0015,0,0
20240718-0020,0,0
20240718-0025,0,0
20240718-0030,0,0
20240718-0035,0,0
20240718-0040,0,0
20240718-0045,0,0
20240718-0050,0,0
20240718-0055,0,0
20240718-0100,0,0
20240718-0105,0,0
20240718-0110,0,0
20240718-0115,0,0
20240718-0120,0,0
20240718-0125,0,0
20240718-0130,0,0
20240718-0135,0,0
20240718-0140,0,0
20240718-0145,0,0
20240718-0150,0,0
20240718-0155,0,0
20240718-0200,0,0
20240718-0205,0,0
20240718-0210,0,0
20240718-0215,0,0
20240718-0220,0,0
20240718-0225,0,0
20240718-0230,0,0
20240718-0235,0,0
20240718-0240,0,0
20240718-0245,0,0
20240718-0250,0,0
20240718-0255,0,0
20240718-0300,0,0
20240718-0305,0,0
20240718-0310,0,0
20240718-0315,0,0
20240718-0320,0,0
20240718-0325,0,0
20240718-0330,0,0
20240718-0335,0,0
20240718-0340,0,0
20240718-0345,0,0
20240718-0350,0,0
20240718-0355,0,0
20240718-0400,0,0
20240718-0405,0,0
20240718-0410,0,0
20240718-0415,0,0
20240718-0420,0,0
20240718-0425,0,0
20240718-0430,0,0
20240718-0435,0,0
20240718-0440,0,0
20240718-0445,0,0
20240718-0450,0,0
20240718-0455,0,0
20240718-0500,0,0
20240718-0505,0,0
20240718-0510,0,0
20240718-0515,0,0
20240718-0520,0,0
20240718-0525,0,0
20240718-0530,0,0
20240718-0535,0,0
20240718-0540,0,0
20240718-0545,0,0
20240718-0550,0,0
20240718-0555,0,0
20240718-0600,0,0
20240718-0605,0,0
20240718-0610,0,0
20240718-0615,0,0
20240718-0620,0,0
20240718-0625,0,0
20240718-0630,0,0
20240718-0635,0,0
20240718-0640,0,0
20240718-0645,0,0
20240718-0650,1,3
20240718-0655,1,3
20240718-0700,4,5
20240718-0705,7,5
20240718-0710,1,2
20240718-0715,7,8
20240718-0720,2,7
20240718-0725,0,0
20240718-0730,1,4
20240718-0735,0,1
20240718-0740,0,0
20240718-0745,0,0
20240718-0750,0,0
20240718-0755,0,0
20240718-0800,0,0
20240718-0805,0,2
20240718-0810,4,4
20240718-0815,2,5
20240718-0820,0,1
20240718-0825,0,0
20240718-0830,0,0
20240718-0835,0,1
20240718-0840,0,0
20240718-0845,0,0
20240718-0850,0,0
20240718-0855,0,0
20240718-0900,0,0
20240718-0905,3,5
20240718-0910,5,5
20240718-0915,4,10
20240718-0920,4,7
20240718-0925,3,1
20240718-0930,0,0
20240718-0935,0,4
20240718-0940,0,0
20240718-0945,0,0
20240718-0950,0,0
20240718-0955,0,0
20240718-1000,0,0
20240718-1005,0,0
20240718-1010,0,0
20240718-1015,2,4
20240718-1020,1,1
20240718-1025,1,1
20240718-1030,1,0
20240718-1035,1,0
20240718-1040,2,3
20240718-1045,0,3
20240718-1050,-2,0
20240718-1055,0,0
20240718-1100,0,1
20240718-1105,0,0
20240718-1110,0,0
20240718-1115,0,0
20240718-1120,0,1
20240718-1125,0,1
20240718-1130,0,0
20240718-1135,0,0
20240718-1140,0,0
20240718-1145,0,0
20240718-1150,0,0
20240718-1155,0,0
20240718-1200,0,0
20240718-1205,0,0
20240718-1210,0,0
20240718-1215,0,0
20240718-1220,0,0
20240718-1225,2,4
20240718-1230,0,0
20240718-1235,0,0
20240718-1240,0,0
20240718-1245,0,0
20240718-1250,0,1
20240718-1255,0,0
20240718-1300,0,0
20240718-1305,0,0
20240718-1310,0,0
20240718-1315,0,0
20240718-1320,0,0
20240718-1325,0,0
20240718-1330,0,0
20240718-1335,0,0
20240718-1340,0,0
20240718-1345,0,0
20240718-1350,0,0
20240718-1355,0,3
20240718-1400,1,9
20240718-1405,1,2
20240718-1410,0,0
20240718-1415,0,0
20240718-1420,1,2
20240718-1425,2,1
20240718-1430,3,7
20240718-1435,4,5
20240718-1440,0,0
20240718-1445,0,0
20240718-1450,0,0
20240718-1455,3,2
20240718-1500,4,12
20240718-1505,0,0
20240718-1510,0,0
20240718-1515,1,6
20240718-1520,0,7
20240718-1525,0,2
20240718-1530,4,8
20240718-1535,4,9
20240718-1540,0,0
20240718-1545,1,3
20240718-1550,0,0
20240718-1555,1,2
20240718-1600,3,6
20240718-1605,2,4
20240718-1610,0,8
20240718-1615,0,0
20240718-1620,0,1
20240718-1625,2,1
20240718-1630,0,0
20240718-1635,0,0
20240718-1640,0,0
20240718-1645,0,0
20240718-1650,0,0
20240718-1655,0,0
20240718-1700,0,0
20240718-1705,0,0
20240718-1710,0,0
20240718-1715,0,0
20240718-1720,0,0
20240718-1725,0,0
20240718-1730,0,0
20240718-1735,0,0
20240718-1740,0,0
20240718-1745,0,0
20240718-1750,0,0
20240718-1755,0,0
20240718-1800,0,0
20240718-1805,0,0
20240718-1810,0,0
20240718-1815,0,0
20240718-1820,0,0
20240718-1825,0,0
20240718-1830,0,0
20240718-1835,0,0
20240718-1840,0,0
20240718-1845,0,0
20240718-1850,0,0
20240718-1855,0,0
20240718-1900,0,0
20240718-1905,0,0
20240718-1910,0,1
20240718-1915,0,0
20240718-1920,0,0
20240718-1925,1,1
20240718-1930,0,1
20240718-1935,0,0
20240718-1940,0,0
20240718-1945,0,0
20240718-1950,0,0
20240718-1955,0,0
20240718-2000,0,0
20240718-2005,0,0
20240718-2010,0,0
20240718-2015,0,0
20240718-2020,0,0
20240718-2025,0,0
20240718-2030,0,0
20240718-2035,0,0
20240718-2040,0,0
20240718-2045,0,0
20240718-2050,0,0
20240718-2055,0,0
20240718-2100,0,0
20240718-2105,0,0
20240718-2110,0,0
20240718-2115,0,0
20240718-2120,0,0
20240718-2125,0,0
20240718-2130,0,0
20240718-2135,0,0
20240718-2140,0,0
20240718-2145,0,0
20240718-2150,0,0
20240718-2155,0,0
20240718-2200,0,0
20240718-2205,0,0
20240718-2210,4,5
20240718-2215,0,6
20240718-2220,0,1
20240718-2225,1,0
20240718-2230,0,0
20240718-2235,0,0
20240718-2240,0,0
20240718-2245,0,0
20240718-2250,0,5
20240718-2255,0,10
20240718-2300,1,4
20240718-2305,0,0
20240718-2310,0,0
20240718-2315,0,0
20240718-2320,1,0
20240718-2325,2,11
20240718-2330,3,12
20240718-2335,3,11
20240718-2340,5,12
20240718-2345,0,4
20240718-2350,0,8
20240718-2355,2,8
20240719-0000,3,10
20240719-0005,0,0
20240719-0010,0,0
20240719-0015,0,0
20240719-0020,1,7
20240719-0025,1,3
20240719-0030,0,0
20240719-0035,2,9
20240719-0040,1,3
20240719-0045,1,6
20240719-0050,0,0
20240719-0055,0,0
20240719-0100,0,0
20240719-0105,0,0
20240719-0110,0,0
20240719-0115,0,0
20240719-0120,0,0
20240719-0125,0,0
20240719-0130,0,0
20240719-0135,0,0
20240719-0140,0,0
20240719-0145,0,0
20240719-0150,0,0
20240719-0155,0,0
20240719-0200,0,0
20240719-0205,0,0
20240719-0210,0,0
20240719-0215,0,0
20240719-0220,0,0
20240719-0225,0,0
20240719-0230,0,0
20240719-0235,0,0
20240719-0240,0,0
20240719-0245,0,0
20240719-0250,0,0
20240719-0255,0,0
20240719-0300,0,0
20240719-0305,0,0
20240719-0310,0,0
20240719-0315,0,0
20240719-0320,0,0
20240719-0325,0,0
20240719-0330,0,0
20240719-0335,0,0
20240719-0340,0,0
20240719-0345,0,0
20240719-0350,0,0
20240719-0355,3,7
20240719-0400,3,7
20240719-0405,3,11
20240719-0410,0,0
20240719-0415,0,0
20240719-0420,0,0
20240719-0425,0,0
20240719-0430,0,0
20240719-0435,0,0
20240719-0440,0,0
20240719-0445,0,0
20240719-0450,0,0
20240719-0455,0,0
20240719-0500,0,0
20240719-0505,0,0
20240719-0510,0,-1
20240719-0515,0,0
20240719-0520,0,0
20240719-0525,0,0
20240719-0530,0,0
20240719-0535,0,0
20240719-0540,0,0
20240719-0545,0,0
20240719-0550,0,0
20240719-0555,0,0
20240719-0600,0,0
20240719-0605,0,0
20240719-0610,0,0
20240719-0615,0,0
20240719-0620,0,0
20240719-0625,0,0
20240719-0630,0,0
20240719-0635,0,0
20240719-0640,0,0
20240719-0645,0,0
20240719-0650,0,0
20240719-0655,0,0
20240719-0700,0,0
20240719-0705,0,0
20240719-0710,0,0
20240719-0715,5,7
20240719-0720,1,0
20240719-0725,0,0
20240719-0730,0,0
20240719-0735,0,0
20240719-0740,0,4
20240719-0745,3,6
20240719-0750,0,0
20240719-0755,0,0
20240719-0800,1,1
20240719-0805,0,0
20240719-0810,0,0
20240719-0815,0,0
20240719-0820,0,0
20240719-0825,0,0
20240719-0830,0,0
20240719-0835,0,0
20240719-0840,0,0
20240719-0845,0,0
20240719-0850,0,0
20240719-0855,0,0
20240719-0900,0,0
20240719-0905,0,0
20240719-0910,0,0
20240719-0915,0,0
20240719-0920,3,2
20240719-0925,4,10
20240719-0930,4,8
20240719-0935,2,1
20240719-0940,2,7
20240719-0945,2,2
20240719-0950,5,7
20240719-0955,5,7
20240719-1000,1,0
20240719-1005,0,0
20240719-1010,3,8
20240719-1015,3,1
20240719-1020,0,0
20240719-1025,0,0
20240719-1030,0,0
20240719-1035,0,0
20240719-1040,0,0
20240719-1045,1,0
20240719-1050,0,0
20240719-1055,0,0
20240719-1100,0,0
20240719-1105,0,-1
20240719-1110,0,0
20240719-1115,0,0
20240719-1120,0,0
20240719-1125,0,5
20240719-1130,3,2
20240719-1135,2,13
20240719-1140,4,7
20240719-1145,2,5
20240719-1150,0,0
20240719-1155,0,0
20240719-1200,0,0
20240719-1205,0,0
20240719-1210,0,0
20240719-1215,0,0
20240719-1220,0,0
20240719-1225,0,0
20240719-1230,0,0
20240719-1235,0,0
20240719-1240,0,0
20240719-1245,0,0
20240719-1250,0,1
20240719-1255,0,2
20240719-1300,0,0
20240719-1305,0,0
20240719-1310,0,0
20240719-1315,0,0
20240719-1320,0,0
20240719-1325,0,0
20240719-1330,0,0
20240719-1335,0,0
20240719-1340,0,0
20240719-1345,0,0
20240719-1350,0,0
20240719-1355,0,0
20240719-1400,0,0
20240719-1405,0,0
20240719-1410,0,1
20240719-1415,1,5
20240719-1420,0,0
20240719-1425,0,0
20240719-1430,0,0
20240719-1435,0,0
20240719-1440,0,0
20240719-1445,0,-2
20240719-1450,0,0
20240719-1455,0,0
20240719-1500,0,0
20240719-1505,0,0
20240719-1510,0,0
20240719-1515,0,0
20240719-1520,0,0
20240719-1525,0,0
20240719-1530,0,0
20240719-1535,0,0
20240719-1540,0,0
20240719-1545,0,0
20240719-1550,0,0
20240719-1555,0,0
20240719-1600,0,0
20240719-1605,0,0
20240719-1610,0,0
20240719-1615,0,0
20240719-1620,0,0
20240719-1625,0,0
20240719-1630,0,0
20240719-1635,0,0
20240719-1640,0,0
20240719-1645,0,0
20240719-1650,0,0
20240719-1655,0,0
20240719-1700,0,0
20240719-1705,0,0
20240719-1710,0,0
20240719-1715,0,0
20240719-1720,0,0
20240719-1725,0,0
20240719-1730,0,0
20240719-1735,0,0
20240719-1740,0,0
20240719-1745,0,0
20240719-1750,1,1
20240719-1755,0,2
20240719-1800,1,4
20240719-1805,2,3
20240719-1810,0,0
20240719-1815,0,0
20240719-1820,0,0
20240719-1825,0,0
20240719-1830,0,0
20240719-1835,0,0
20240719-1840,0,0
20240719-1845,0,0
20240719-1850,0,0
20240719-1855,0,0
20240719-1900,0,0
20240719-1905,0,0
20240719-1910,0,0
20240719-1915,0,0
20240719-1920,0,0
20240719-1925,0,0
20240719-1930,0,0
20240719-1935,0,0
20240719-1940,0,0
20240719-1945,0,0
20240719-1950,0,0
20240719-1955,0,0
20240719-2000,0,0
20240719-2005,0,0
20240719-2010,0,0
20240719-2015,0,0
20240719-2020,0,0
20240719-2025,0,0
20240719-2030,0,0
20240719-2035,0,0
20240719-2040,0,0
20240719-2045,0,0
20240719-2050,0,0
20240719-2055,1,3
20240719-2100,0,0
20240719-2105,0,5
20240719-2110,1,1
20240719-2115,0,0
20240719-2120,1,2
20240719-2125,0,1
20240719-2130,0,0
20240719-2135,0,0
20240719-2140,0,0
20240719-2145,0,0
20240719-2150,0,0
20240719-2155,0,0
20240719-2200,0,0
20240719-2205,0,0
20240719-2210,0,0
20240719-2215,0,0
20240719-2220,0,0
20240719-2225,0,0
20240719-2230,0,0
20240719-2235,0,0
20240719-2240,0,0
20240719-2245,0,0
20240719-2250,0,0
20240719-2255,0,0
20240719-2300,0,0
20240719-2305,0,0
20240719-2310,0,0
20240719-2315,0,0
20240719-2320,1,3
20240719-2325,2,10
20240719-2330,4,9
20240719-2335,1,2
20240719-2340,3,4
20240719-2345,0,1
20240719-2350,0,0
20240719-2355,0,0
20240720-0000,0,0
20240720-0005,0,0
20240720-0010,0,0
20240720-0015,0,0
20240720-0020,0,0
20240720-0025,0,0
20240720-0030,0,0
20240720-0035,0,0
20240720-0040,0,0
20240720-0045,0,0
20240720-0050,0,0
20240720-0055,0,0
20240720-0100,0,0
20240720-0105,0,0
20240720-0110,0,0
20240720-0115,0,0
20240720-0120,0,0
20240720-0125,0,0
20240720-0130,0,0
20240720-0135,0,0
20240720-0140,0,0
20240720-0145,0,0
20240720-0150,0,0
20240720-0155,0,0
20240720-0200,0,0
20240720-0205,0,0
20240720-0210,0,0
20240720-0215,0,0
20240720-0220,0,0
20240720-0225,0,0
20240720-0230,0,0
20240720-0235,0,0
20240720-0240,0,0
20240720-0245,0,0
20240720-0250,0,0
20240720-0255,0,0
20240720-0300,0,0
20240720-0305,0,0
20240720-0310,0,0
20240720-0315,0,0
20240720-0320,0,0
20240720-0325,0,0
20240720-0330,0,0
20240720-0335,0,0
20240720-0340,0,0
20240720-0345,0,0
20240720-0350,0,0
20240720-0355,0,0
20240720-0400,0,0
20240720-0405,0,0
20240720-0410,0,0
20240720-0415,0,0
20240720-0420,0,0
20240720-0425,0,0
20240720-0430,0,0
20240720-0435,0,0
20240720-0440,0,0
20240720-0445,0,0
20240720-0450,0,0
20240720-0455,0,0
20240720-0500,0,0
20240720-0505,0,0
20240720-0510,0,0
20240720-0515,0,0
20240720-0520,0,0
20240720-0525,0,0
20240720-0530,0,0
20240720-0535,0,0
20240720-0540,0,0
20240720-0545,0,0
20240720-0550,0,0
20240720-0555,0,1
20240720-0600,0,3
20240720-0605,0,1
20240720-0610,1,0
20240720-0615,1,6
20240720-0620,0,0
20240720-0625,0,0
20240720-0630,0,0
20240720-0635,0,0
20240720-0640,2,5
20240720-0645,4,7
20240720-0650,1,2
20240720-0655,2,7
20240720-0700,2,7
20240720-0705,0,0
20240720-0710,0,0
20240720-0715,4,1
20240720-0720,2,4
20240720-0725,0,0
20240720-0730,0,0
20240720-0735,0,0
20240720-0740,0,0
20240720-0805,3,5
20240720-0810,4,7
20240720-0815,0,0
20240720-0820,0,1
20240720-0825,4,3
20240720-0830,3,5
20240720-0835,0,0
20240720-0840,2,7
20240720-0845,0,0
20240720-0850,0,0
20240720-0855,1,1
20240720-0900,0,0
20240720-0905,0,0
20240720-0910,0,0
20240720-0915,0,0
20240720-0920,0,0
20240720-0925,0,0
20240720-0930,0,0
20240720-0935,0,0
20240720-0940,0,0
20240720-0945,0,0
20240720-0950,0,0
20240720-0955,0,0
20240720-1000,0,0
20240720-1005,0,0
20240720-1010,0,0
20240720-1015,0,0
20240720-1020,0,0
20240720-1025,0,0
20240720-1030,0,0
20240720-1035,0,0
20240720-1040,0,0
20240720-1045,0,0
20240720-1050,0,1
20240720-1055,2,3
20240720-1100,0,0
20240720-1105,0,0
20240720-1110,0,0
20240720-1115,0,0
20240720-1120,0,0
20240720-1125,0,0
20240720-1130,0,0
20240720-1135,0,0
20240720-1140,0,0
20240720-1145,0,0
20240720-1150,0,0
20240720-1155,0,0
20240720-1200,0,0
20240720-1205,0,0
20240720-1210,0,0
20240720-1215,0,0
20240720-1220,0,0
20240720-1225,0,0
20240720-1230,0,0
20240720-1235,0,0
20240720-1240,0,0
20240720-1245,0,0
20240720-1250,0,0
20240720-1255,0,0
20240720-1300,0,0
20240720-1305,0,0
20240720-1310,0,0
20240720-1315,0,0
20240720-1320,0,0
20240720-1325,0,0
20240720-1330,0,0
20240720-1335,0,0
20240720-1340,0,0
20240720-1345,0,0
20240720-1350,0,0
20240720-1355,0,0
20240720-1400,0,0
20240720-1405,0,0
20240720-1410,0,0
20240720-1415,0,0
20240720-1420,0,0
20240720-1425,0,0
20240720-1430,0,0
20240720-1435,0,0
20240720-1440,0,0
20240720-1445,0,0
20240720-1450,0,0
20240720-1455,0,0
20240720-1500,0,0
20240720-1505,0,0
20240720-1510,0,0
20240720-1515,0,0
20240720-1520,0,0
20240720-1525,0,0
20240720-1530,0,0
20240720-1535,0,0
20240720-1540,0,0
20240720-1545,0,0
20240720-1550,0,0
20240720-1555,0,0
20240720-1600,0,0
20240720-1605,0,0
20240720-1610,0,0
20240720-1615,0,0
20240720-1620,0,0
20240720-1625,0,0
20240720-1630,0,0
20240720-1635,0,0
20240720-1640,0,0
20240720-1645,0,0
20240720-1650,0,0
20240720-1655,0,0
20240720-1700,0,0
20240720-1705,0,0
20240720-1710,0,0
20240720-1715,1,5
20240720-1720,1,3
20240720-1725,2,5
20240720-1730,2,7
20240720-1735,0,0
20240720-1740,0,0
20240720-1745,0,0
20240720-1750,0,0
20240720-1755,0,0
20240720-1800,0,0
20240720-1805,0,0
20240720-1810,0,0
20240720-1815,0,0
20240720-1820,0,0
20240720-1825,0,0
20240720-1830,0,0
20240720-1835,0,0
20240720-1840,0,0
20240720-1845,1,0
20240720-1850,2,2
20240720-1855,1,3
20240720-1900,0,1
20240720-1905,0,2
20240720-1910,0,1
20240720-1915,0,0
20240720-1920,0,0
20240720-1925,0,0
20240720-1930,0,0
20240720-1935,0,4
20240720-1940,0,1
20240720-1945,0,1
20240720-1950,0,0
20240720-1955,0,0
20240720-2000,0,0
20240720-2005,0,0
20240720-2010,0,0
20240720-2015,0,0
20240720-2020,0,0
20240720-2026,0,0
20240720-2030,0,0
20240720-2035,0,0
20240720-2040,0,0
20240720-2045,0,0
20240720-2050,0,-1
20240720-2055,0,5
20240720-2100,0,0
20240720-2105,0,0
20240720-2110,0,0
20240720-2115,1,2
20240720-2120,1,3
20240720-2125,2,8
20240720-2130,1,2
20240720-2135,0,0
20240720-2140,3,2
20240720-2145,1,2
20240720-2150,0,4
20240720-2155,1,1
20240720-2200,0,0
20240720-2205,0,0
20240720-2210,1,5
20240720-2215,1,3
20240720-2220,0,1
20240720-2225,0,1
20240720-2230,0,3
20240720-2235,0,0
20240720-2240,0,0
20240720-2245,0,0
20240720-2250,0,0
20240720-2255,0,0
20240720-2300,0,0
20240720-2305,0,0
20240720-2310,0,0
20240720-2315,0,0
20240720-2320,0,0
20240720-2325,0,0
20240720-2330,0,0
20240720-2335,0,0
20240720-2340,0,0
20240720-2345,0,0
20240720-2350,0,0
20240720-2355,0,0
20240721-0000,0,0
20240721-0005,0,0
20240721-0010,0,0
20240721-0015,0,0
20240721-0020,0,0
20240721-0025,0,0
20240721-0030,0,0
20240721-0035,0,0
20240721-0040,0,0
20240721-0045,0,0
20240721-0050,0,0
20240721-0055,0,0
20240721-0100,0,0
20240721-0105,0,0
20240721-0110,0,0
20240721-0115,0,0
20240721-0120,0,0
20240721-0125,0,0
20240721-0130,0,0
20240721-0135,0,0
20240721-0140,0,0
20240721-0145,0,0
20240721-0150,0,0
20240721-0155,0,0
20240721-0200,0,0
20240721-0205,0,0
20240721-0210,0,0
20240721-0215,0,0
20240721-0220,0,0
20240721-0225,0,0
20240721-0230,0,0
20240721-0235,0,0
20240721-0240,0,0
20240721-0245,0,0
20240721-0250,0,-1
20240721-0255,0,0
20240721-0300,0,0
20240721-0305,0,0
20240721-0310,0,0
20240721-0315,0,0
20240721-0320,0,0
20240721-0325,0,0
20240721-0330,0,0
20240721-0335,0,0
20240721-0340,0,0
20240721-0345,0,0
20240721-0350,0,0
20240721-0355,0,0
20240721-0400,0,0
20240721-0405,0,0
20240721-0410,0,0
20240721-0415,0,0
20240721-0420,0,0
20240721-0425,0,0
20240721-0430,0,0
20240721-0435,0,0
20240721-0440,0,0
20240721-0445,0,0
20240721-0450,0,0
20240721-0455,0,0
20240721-0500,0,0
20240721-0505,0,0
20240721-0510,0,0
20240721-0515,0,0
20240721-0520,0,0
20240721-0525,0,0
20240721-0530,0,0
20240721-0535,0,0
20240721-0540,0,0
20240721-0545,0,0
20240721-0550,0,0
20240721-0555,0,0
20240721-0600,0,0
20240721-0605,0,0
20240721-0610,0,0
20240721-0615,0,0
20240721-0620,0,0
20240721-0625,0,0
20240721-0630,0,0
20240721-0635,0,0
20240721-0640,0,0
20240721-0645,0,0
20240721-0650,0,0
20240721-0655,0,0
20240721-0700,0,0
20240721-0705,0,0
20240721-0710,0,0
20240721-0715,0,0
20240721-0720,0,0
20240721-0725,0,0
20240721-0730,1,6
20240721-0735,2,6
20240721-0740,1,1
20240721-0745,0,0
20240721-0750,0,0
20240721-0755,1,2
20240721-0800,0,0
20240721-0805,0,0
20240721-0810,0,0
20240721-0815,0,0
20240721-0820,2,3
20240721-0825,1,0
20240721-0830,0,0
20240721-0835,0,0
20240721-0840,2,2
20240721-0845,3,5
20240721-0850,2,5
20240721-0855,2,9
20240721-0900,4,4
20240721-0905,3,3
20240721-0910,0,0
20240721-0915,0,0
20240721-0920,0,0
20240721-0925,0,0
20240721-0930,0,0
20240721-0935,0,0
20240721-0940,0,0
20240721-0945,0,0
20240721-0950,0,0
20240721-0955,0,0
20240721-1000,0,0
20240721-1005,0,0
20240721-1010,0,0
20240721-1015,0,0
20240721-1020,3,5
20240721-1025,1,1
20240721-1030,1,5
20240721-1035,2,7
20240721-1040,0,1
20240721-1045,1,0
20240721-1050,1,4
20240721-1055,3,8
20240721-1100,0,0
20240721-1105,0,1
20240721-1110,0,0
20240721-1115,1,1
20240721-1120,2,0
20240721-1125,3,1
20240721-1130,2,0
20240721-1135,1,0
20240721-1140,4,1
20240721-1145,1,2
20240721-1150,0,0
20240721-1155,1,0
20240721-1200,1,0
20240721-1205,1,0
20240721-1210,3,4
20240721-1215,2,4
20240721-1220,3,4
20240721-1225,0,0
20240721-1230,2,3
20240721-1235,6,8
20240721-1240,3,2
20240721-1245,0,0
20240721-1250,4,7
20240721-1255,0,0
20240721-1300,0,0
20240721-1305,0,0
20240721-1310,0,0
20240721-1315,0,0
20240721-1320,0,0
20240721-1325,0,0
20240721-1330,0,0
20240721-1335,0,0
20240721-1340,0,0
20240721-1345,0,0
20240721-1350,0,0
20240721-1355,0,0
20240721-1400,0,0
20240721-1405,0,0
20240721-1410,0,0
20240721-1415,0,0
20240721-1420,0,0
20240721-1425,0,0
20240721-1430,0,0
20240721-1435,1,3
20240721-1440,1,4
20240721-1445,2,4
20240721-1450,0,0
20240721-1455,0,0
20240721-1500,0,0
20240721-1505,0,0
20240721-1510,0,0
20240721-1515,0,0
20240721-1520,0,0
20240721-1525,0,0
20240721-1530,0,0
20240721-1535,0,0
20240721-1540,0,0
20240721-1545,0,0
20240721-1550,0,0
20240721-1555,0,0
20240721-1600,0,0
20240721-1605,0,-1
20240721-1610,0,0
20240721-1615,0,0
20240721-1620,0,0
20240721-1625,0,0
20240721-1630,0,2
20240721-1635,0,0
20240721-1640,0,0
20240721-1645,0,0
20240721-1650,0,0
20240721-1655,0,0
20240721-1700,1,3
20240721-1705,0,0
20240721-1710,0,0
20240721-1715,0,0
20240721-1720,0,0
20240721-1725,1,0
20240721-1730,0,1
20240721-1735,1,2
20240721-1740,0,0
20240721-1745,0,3
20240721-1750,2,3
20240721-1755,1,3
20240721-1800,2,5
20240721-1805,0,9
20240721-1810,3,2
20240721-1815,2,1
20240721-1820,1,0
20240721-1825,0,1
20240721-1830,3,4
20240721-1835,1,6
20240721-1840,0,0
20240721-1845,2,3
20240721-1850,1,3
20240721-1855,5,17
20240721-1900,3,4
20240721-1905,3,8
20240721-1910,1,7
20240721-1915,0,4
20240721-1920,1,6
20240721-1925,1,2
20240721-1930,1,2
20240721-1935,0,0
20240721-1940,0,3
20240721-1945,0,0
20240721-1950,1,4
20240721-1955,0,8
20240721-2000,1,2
20240721-2005,0,-2
20240721-2010,2,2
20240721-2015,2,6
20240721-2020,2,6
20240721-2025,3,3
20240721-2030,0,10
20240721-2035,1,3
20240721-2040,0,0
20240721-2045,2,5
20240721-2050,0,0
20240721-2055,0,0
20240721-2100,0,0
20240721-2105,0,0
20240721-2110,0,0
20240721-2115,0,0
20240721-2120,1,0
20240721-2125,1,2
20240721-2130,0,0
20240721-2135,0,3
20240721-2140,1,8
20240721-2145,0,0
20240721-2150,0,2
20240721-2155,1,4
20240721-2200,1,2
20240721-2205,1,8
20240721-2210,2,9
20240721-2215,0,0
20240721-2220,0,0
20240721-2225,1,3
20240721-2230,1,8
20240721-2235,1,1
20240721-2240,0,0
20240721-2245,0,0
20240721-2250,0,0
20240721-2255,0,0
20240721-2300,0,0
20240721-2305,0,0
20240721-2310,0,0
20240721-2315,0,0
20240721-2320,0,0
20240721-2325,0,0
20240721-2330,1,4
20240721-2335,1,4
20240721-2340,0,2
20240721-2345,2,2
20240721-2350,2,4
20240721-2355,3,4
20240722-0000,1,1
20240722-0005,1,5
20240722-0010,1,3
20240722-0015,0,2
20240722-0020,0,0
20240722-0025,0,0
20240722-0030,0,0
20240722-0035,0,0
20240722-0040,0,0
20240722-0045,0,0
20240722-0050,0,0
20240722-0055,0,0
20240722-0100,0,0
20240722-0105,0,0
20240722-0110,0,0
20240722-0115,0,0
20240722-0120,0,0
20240722-0125,0,0
20240722-0130,0,0
20240722-0135,0,0
20240722-0140,0,0
20240722-0145,0,0
20240722-0150,0,0
20240722-0155,0,0
20240722-0200,0,0
20240722-0205,0,0
20240722-0210,0,0
20240722-0215,0,0
20240722-0220,0,0
20240722-0225,0,0
20240722-0230,0,0
20240722-0235,0,0
20240722-0240,0,0
20240722-0245,0,3
20240722-0250,0,5
20240722-0255,0,0
20240722-0300,1,0
20240722-0305,0,1
20240722-0310,0,0
20240722-0315,1,0
20240722-0320,2,4
20240722-0325,1,4
20240722-0330,0,0
20240722-0335,0,0
20240722-0340,0,3
20240722-0345,1,4
20240722-0350,0,0
20240722-0355,1,6
20240722-0400,2,5
20240722-0405,1,3
20240722-0410,2,2
20240722-0415,0,5
20240722-0420,0,0
20240722-0425,0,0
20240722-0430,0,0
20240722-0435,0,0
20240722-0440,0,0
20240722-0445,0,0
20240722-0450,0,0
20240722-0455,0,0
20240722-0500,0,0
20240722-0505,0,0
20240722-0510,0,0
20240722-0515,0,0
20240722-0520,0,0
20240722-0525,0,0
20240722-0530,0,0
20240722-0535,0,0
20240722-0540,0,0
20240722-0545,0,0
20240722-0550,0,0
20240722-0555,0,0
20240722-0600,0,0
20240722-0605,0,0
20240722-0610,0,0
20240722-0615,0,0
20240722-0620,0,0
20240722-0625,0,0
20240722-0630,0,0
20240722-0635,0,0
20240722-0640,0,0
20240722-0645,0,0
20240722-0650,0,0
20240722-0655,0,0
20240722-0700,0,0
20240722-0705,0,0
20240722-0710,0,0
20240722-0715,0,0
20240722-0720,0,0
20240722-0725,0,0
20240722-0730,0,0
20240722-0735,0,0
20240722-0740,0,0
20240722-0745,0,0
20240722-0750,0,0
20240722-0755,0,0
20240722-0800,0,0
20240722-0805,0,0
20240722-0810,0,0
20240722-0815,0,0
20240722-0820,0,0
20240722-0825,0,0
20240722-0830,0,0
20240722-0835,0,0
20240722-0840,0,0
20240722-0845,0,0
20240722-0850,0,0
20240722-0855,0,0
20240722-0900,0,0
20240722-0905,0,0
20240722-0910,0,2
20240722-0915,0,1
20240722-0920,3,2
20240722-0925,0,1
20240722-0930,0,1
20240722-0935,1,3
20240722-0940,0,3
20240722-0945,2,13
20240722-0950,1,7
20240722-0955,2,2
20240722-1000,0,0
20240722-1005,1,4
20240722-1010,0,0
20240722-1015,1,2
20240722-1020,0,5
20240722-1025,0,4
20240722-1030,0,0
20240722-1035,0,0
20240722-1040,0,0
20240722-1045,0,0
20240722-1050,1,0
20240722-1055,0,1
20240722-1100,2,4
20240722-1105,0,2
20240722-1110,0,0
20240722-1115,0,0
20240722-1120,3,1
20240722-1125,4,3
20240722-1130,0,2
20240722-1135,0,0
20240722-1140,0,0
20240722-1145,0,0
20240722-1150,0,0
20240722-1155,2,2
20240722-1200,2,2
20240722-1205,0,0
20240722-1210,0,0
20240722-1215,0,0
20240722-1220,0,0
20240722-1225,0,0
20240722-1230,0,0
20240722-1235,0,0
20240722-1240,0,0
20240722-1245,0,0
20240722-1250,0,0
20240722-1255,0,0
20240722-1300,0,0
20240722-1305,0,0
20240722-1310,0,0
20240722-1315,0,0
20240722-1320,0,0
20240722-1325,0,0
20240722-1330,0,0
20240722-1335,0,0
20240722-1340,0,0
20240722-1345,0,0
20240722-1350,0,0
20240722-1355,0,0
20240722-1400,0,0
20240722-1405,0,0
20240722-1410,0,0
20240722-1415,0,0
20240722-1420,0,0
20240722-1425,0,0
20240722-1430,0,0
20240722-1435,0,2
20240722-1440,0,0
20240722-1445,0,11
20240722-1450,0,5
20240722-1455,0,3
20240722-1500,0,0
20240722-1505,0,7
20240722-1510,0,9
20240722-1515,1,4
20240722-1520,0,0
20240722-1525,0,0
20240722-1530,0,0
20240722-1535,0,10
20240722-1540,2,11
20240722-1545,0,7
20240722-1550,0,0
20240722-1555,1,1
20240722-1600,0,4
20240722-1605,0,4
20240722-1610,0,0
20240722-1615,0,0
20240722-1620,0,0
20240722-1625,1,3
20240722-1630,0,1
20240722-1635,0,0
20240722-1640,0,0
20240722-1645,0,0
20240722-1650,0,0
20240722-1655,0,0
20240722-1700,0,0
20240722-1705,0,0
20240722-1710,0,0
20240722-1715,0,0
20240722-1720,0,0
20240722-1725,0,0
20240722-1730,0,0
20240722-1735,0,0
20240722-1740,0,0
20240722-1745,0,0
20240722-1750,0,0
20240722-1755,0,0
20240722-1800,0,0
20240722-1805,0,0
20240722-1810,0,0
20240722-1815,0,0
20240722-1820,0,0
20240722-1825,0,0
20240722-1830,0,0
20240722-1835,0,0
20240722-1840,0,0
20240722-1845,0,0
20240722-1850,0,0
20240722-1855,0,0
20240722-1900,0,0
20240722-1905,0,0
20240722-1910,0,0
20240722-1915,0,0
20240722-1920,0,0
20240722-1925,0,0
20240722-1930,0,1
20240722-1935,0,3
20240722-1940,0,2
20240722-1945,0,0
20240722-1950,0,4
20240722-1955,0,3
20240722-2000,0,0
20240722-2005,0,0
20240722-2010,0,4
20240722-2015,0,2
20240722-2020,0,2
20240722-2025,1,0
20240722-2030,0,3
20240722-2035,0,0
20240722-2040,0,0
20240722-2045,0,0
20240722-2050,0,4
20240722-2055,1,4
20240722-2100,1,3
20240722-2105,0,0
20240722-2110,1,4
20240722-2115,1,6
20240722-2120,0,8
20240722-2125,0,2
20240722-2130,1,1
20240722-2135,0,10
20240722-2140,0,0
20240722-2145,1,6
20240722-2150,2,11
20240722-2155,1,6
20240722-2200,1,2
20240722-2205,1,7
20240722-2210,1,3
20240722-2215,0,3
20240722-2220,0,1
20240722-2225,1,1
20240722-2230,0,-1
20240722-2235,0,0
20240722-2240,0,0
20240722-2245,1,6
20240722-2250,0,6
20240722-2255,0,3
20240722-2300,0,0
20240722-2305,0,0
20240722-2310,0,0
20240722-2315,0,0
20240722-2320,0,0
20240722-2325,0,0
20240722-2330,0,0
20240722-2335,0,0
20240722-2340,0,0
20240722-2345,0,0
20240722-2350,0,0
20240722-2355,0,0
20240723-0000,0,0
20240723-0005,0,0
20240723-0010,0,0
20240723-0015,0,0
20240723-0020,0,-1
20240723-0025,0,0
20240723-0030,0,0
20240723-0035,0,0
20240723-0040,0,0
20240723-0045,0,0
20240723-0050,0,0
20240723-0055,0,0
20240723-0100,0,0
20240723-0105,0,0
20240723-0110,0,0
20240723-0115,0,0
20240723-0120,0,0
20240723-0125,0,0
20240723-0130,0,0
20240723-0135,0,0
20240723-0140,0,0
20240723-0145,0,0
20240723-0150,0,0
20240723-0155,0,0
20240723-0200,0,0
20240723-0205,0,0
20240723-0210,0,0
20240723-0215,0,-1
20240723-0220,0,0
20240723-0225,0,0
20240723-0230,0,0
20240723-0235,0,0
20240723-0240,0,0
20240723-0245,0,0
20240723-0250,0,0
20240723-0255,0,0
20240723-0300,0,0
20240723-0305,0,0
20240723-0310,0,0
20240723-0315,0,0
20240723-0320,0,0
20240723-0325,0,0
20240723-0330,0,0
20240723-0335,0,0
20240723-0340,0,0
20240723-0345,0,0
20240723-0350,0,0
20240723-0355,0,0
20240723-0400,0,0
20240723-0405,0,0
20240723-0410,0,0
20240723-0415,0,0
20240723-0420,0,0
20240723-0425,0,0
20240723-0430,0,0
20240723-0435,0,0
20240723-0440,0,0
20240723-0445,0,0
20240723-0450,0,0
20240723-0455,0,0
20240723-0500,0,0
20240723-0505,0,0
20240723-0510,0,0
20240723-0515,0,0
20240723-0520,0,0
20240723-0525,0,0
20240723-0530,0,0
20240723-0535,0,0
20240723-0540,0,0
20240723-0545,0,0
20240723-0550,0,0
20240723-0555,0,0
20240723-0600,0,0
20240723-0605,0,0
20240723-0610,0,0
20240723-0615,0,0
20240723-0620,0,0
20240723-0625,0,0
20240723-0630,0,0
20240723-0635,0,0
20240723-0640,0,0
20240723-0645,0,0
20240723-0650,0,0
20240723-0655,0,4
20240723-0700,1,3
20240723-0705,1,4
20240723-0710,0,1
20240723-0715,0,0
20240723-0720,0,1
20240723-0725,0,7
20240723-0730,0,0
20240723-0735,1,0
20240723-0740,2,5
20240723-0745,1,1
20240723-0750,0,0
20240723-0755,0,0
20240723-0800,0,0
20240723-0805,0,0
20240723-0810,0,0
20240723-0815,0,1
20240723-0820,0,2
20240723-0825,1,1
20240723-0830,0,0
20240723-0835,0,0
20240723-0840,0,0
20240723-0845,0,0
20240723-0850,3,2
20240723-0855,0,0
20240723-0900,1,2
20240723-0905,1,1
20240723-0910,0,0
20240723-0915,0,0
20240723-0920,0,0
20240723-0925,0,0
20240723-0930,0,0
20240723-0935,0,0
20240723-0940,0,0
20240723-0945,0,0
20240723-0950,0,0
20240723-0955,0,0
20240723-1000,0,0
20240723-1005,0,0
20240723-1010,0,0
20240723-1015,0,0
20240723-1020,0,0
20240723-1025,0,0
20240723-1030,0,0
20240723-1035,0,0
20240723-1040,0,0
20240723-1045,0,0
20240723-1050,0,0
20240723-1055,0,0
20240723-1100,0,0
20240723-1105,0,0
20240723-1110,0,0
20240723-1115,0,0
20240723-1120,0,0
20240723-1125,0,0
20240723-1130,0,0
20240723-1135,0,0
20240723-1140,0,0
20240723-1145,0,0
20240723-1150,0,0
20240723-1155,0,0
20240723-1200,0,-1
20240723-1205,0,0
20240723-1210,1,0
20240723-1215,0,1
20240723-1220,1,0
20240723-1225,0,0
20240723-1230,0,1
20240723-1235,1,0
20240723-1240,0,0
20240723-1245,0,1
20240723-1250,0,1
20240723-1255,0,0
20240723-1300,2,1
20240723-1305,0,0
20240723-1310,0,0
20240723-1315,1,2
20240723-1320,0,0
20240723-1325,1,5
20240723-1330,2,3
20240723-1335,0,6
20240723-1340,0,1
20240723-1345,2,1
20240723-1350,0,0
20240723-1355,0,0
20240723-1400,0,0
20240723-1405,4,3
20240723-1410,0,0
20240723-1415,0,0
20240723-1420,0,0
20240723-1425,0,6
20240723-1430,3,0
20240723-1435,2,1
20240723-1440,0,0
20240723-1445,0,3
20240723-1450,0,0
20240723-1455,0,0
20240723-1500,0,0
20240723-1505,0,0
20240723-1510,0,0
20240723-1515,0,0
20240723-1520,0,0
20240723-1525,0,0
20240723-1530,0,0
20240723-1535,0,6
20240723-1540,0,4
20240723-1545,0,0
20240723-1550,0,0
20240723-1555,0,0
20240723-1600,0,-1
20240723-1605,0,0
20240723-1610,0,0
20240723-1615,2,6
20240723-1620,0,0
20240723-1625,0,0
20240723-1630,0,0
20240723-1635,0,0
20240723-1640,0,0
20240723-1645,0,0
20240723-1650,0,0
20240723-1655,0,0
20240723-1700,0,0
20240723-1705,0,1
20240723-1710,1,6
20240723-1715,1,2
20240723-1720,1,5
20240723-1725,0,-1
20240723-1730,2,7
20240723-1735,4,1
20240723-1740,2,3
20240723-1745,1,2
20240723-1750,2,4
20240723-1755,0,3
20240723-1800,0,0
20240723-1805,0,0
20240723-1810,1,3
20240723-1815,0,0
20240723-1820,0,1
20240723-1825,0,0
20240723-1830,0,0
20240723-1835,0,0
20240723-1840,0,0
20240723-1845,0,0
20240723-1850,0,0
20240723-1855,0,0
20240723-1900,2,6
20240723-1905,1,2
20240723-1910,0,3
20240723-1915,1,7
20240723-1920,2,6
20240723-1925,2,6
20240723-1930,1,6
20240723-1935,0,1
20240723-1940,0,0
20240723-1945,0,2
20240723-1950,1,0
20240723-1955,0,0
20240723-2000,0,2
20240723-2005,0,0
20240723-2010,0,0
20240723-2015,0,0
20240723-2020,0,0
20240723-2025,1,2
20240723-2030,1,2
20240723-2035,0,0
20240723-2040,0,0
20240723-2045,0,0
20240723-2050,0,0
20240723-2055,2,3
20240723-2100,0,1
20240723-2105,1,1
20240723-2110,0,4
20240723-2115,1,2
20240723-2120,2,5
20240723-2125,1,2
20240723-2130,1,1
20240723-2135,0,2
20240723-2140,0,1
20240723-2145,0,0
20240723-2150,0,0
20240723-2155,0,0
20240723-2200,0,0
20240723-2205,0,0
20240723-2210,0,0
20240723-2215,0,0
20240723-2220,0,0
20240723-2225,0,0
20240723-2230,0,0
20240723-2235,0,0
20240723-2240,0,0
20240723-2245,0,0
20240723-2250,0,0
20240723-2255,0,0
20240723-2300,0,0
20240723-2305,0,0
20240723-2310,0,0
20240723-2315,0,0
20240723-2320,0,0
20240723-2325,0,0
20240723-2330,0,0
20240723-2335,0,0
20240723-2340,0,0
20240723-2345,0,0
20240723-2350,0,0
20240723-2355,0,0
20240724-0000,0,0
20240724-0005,0,0
20240724-0010,0,0
20240724-0015,0,0
20240724-0020,0,0
20240724-0025,0,0
20240724-0030,0,0
20240724-0035,0,0
20240724-0040,0,0
20240724-0045,0,0
20240724-0050,0,0
20240724-0055,0,0
20240724-0100,0,0
20240724-0105,0,0
20240724-0110,0,0
20240724-0115,0,0
20240724-0120,0,0
20240724-0125,0,0
20240724-0130,0,0
20240724-0135,0,0
20240724-0140,0,0
20240724-0145,0,0
20240724-0150,0,0
20240724-0155,0,0
20240724-0200,0,0
20240724-0205,0,0
20240724-0210,0,0
20240724-0215,0,0
20240724-0220,0,0
20240724-0225,0,0
20240724-0230,0,0
20240724-0235,0,0
20240724-0240,0,0
20240724-0245,0,0
20240724-0250,0,0
20240724-0255,0,0
20240724-0300,1,4
20240724-0305,2,5
20240724-0310,1,3
20240724-0315,0,0
20240724-0320,0,1
20240724-0325,0,8
20240724-0330,0,4
20240724-0335,1,6
20240724-0340,1,3
20240724-0345,1,8
20240724-0350,1,8
20240724-0355,0,5
20240724-0400,0,0
20240724-0405,0,0
20240724-0410,0,0
20240724-0415,0,0
20240724-0420,0,0
20240724-0425,0,0
20240724-0430,0,0
20240724-0435,0,0
20240724-0440,0,0
20240724-0445,0,4
20240724-0450,0,1
20240724-0455,1,3
20240724-0500,0,5
20240724-0505,0,4
20240724-0510,0,6
20240724-0515,0,0
20240724-0520,0,1
20240724-0525,0,0
20240724-0530,0,0
20240724-0535,0,0
20240724-0540,0,0
20240724-0545,0,0
20240724-0550,0,0
20240724-0555,0,0
20240724-0600,0,0
20240724-0605,0,0
20240724-0610,0,0
20240724-0615,0,0
20240724-0620,0,0
20240724-0625,0,0
20240724-0630,0,0
20240724-0635,0,0
20240724-0640,0,0
20240724-0645,0,0
20240724-0650,0,0
20240724-0655,0,0
20240724-0700,0,0
20240724-0705,0,0
20240724-0710,0,0
20240724-0715,0,0
20240724-0720,0,0
20240724-0725,0,0
20240724-0730,0,0
20240724-0735,0,0
20240724-0740,0,0
20240724-0745,0,0
20240724-0750,0,0
20240724-0755,0,0
20240724-0800,0,0
20240724-0805,0,0
20240724-0810,0,0
20240724-0815,0,0
20240724-0820,0,0
20240724-0825,0,0
20240724-0830,0,0
20240724-0835,0,0
20240724-0840,0,0
20240724-0845,0,0
20240724-0850,0,0
20240724-0855,0,0
20240724-0900,0,0
20240724-0905,0,0
20240724-0910,0,0
20240724-0915,0,0
20240724-0920,0,0
20240724-0925,0,0
20240724-0930,0,1
20240724-0935,0,0
20240724-0940,0,0
20240724-0945,0,0
20240724-0950,0,0
20240724-0955,0,0
20240724-1000,0,0
20240724-1005,0,0
20240724-1010,0,0
20240724-1015,0,0
20240724-1020,0,0
20240724-1025,0,0
20240724-1030,0,0
20240724-1035,0,0
20240724-1040,0,0
20240724-1045,0,0
20240724-1050,0,0
20240724-1055,0,0
20240724-1100,0,0
20240724-1105,0,0
20240724-1110,0,0
20240724-1115,0,0
20240724-1120,0,0
20240724-1125,0,0
20240724-1130,0,0
20240724-1135,0,0
20240724-1140,0,0
20240724-1145,0,0
20240724-1150,0,0
20240724-1155,0,0
20240724-1200,0,0
20240724-1205,0,0
20240724-1210,0,0
20240724-1215,0,0
20240724-1220,0,0
20240724-1225,0,0
20240724-1230,0,0
20240724-1235,0,0
20240724-1240,2,2
20240724-1245,0,0
20240724-1250,0,0
20240724-1255,0,2
20240724-1300,0,0
20240724-1305,0,0
20240724-1310,1,1
20240724-1315,0,0
20240724-1320,0,0
20240724-1325,0,6
20240724-1330,0,6
20240724-1335,3,2
20240724-1340,0,7
20240724-1345,1,0
20240724-1350,0,0
20240724-1355,0,0
20240724-1400,0,0
20240724-1405,1,0
20240724-1410,0,6
20240724-1415,2,4
20240724-1420,0,0
20240724-1425,0,0
20240724-1430,0,0
20240724-1435,0,0
20240724-1440,0,0
20240724-1445,0,0
20240724-1450,0,0
20240724-1455,0,0
20240724-1500,0,0
20240724-1505,0,0
20240724-1510,0,0
20240724-1515,0,0
20240724-1520,0,0
20240724-1525,0,0
20240724-1530,0,0
20240724-1535,0,0
20240724-1540,0,0
20240724-1545,0,0
20240724-1550,0,0
20240724-1555,0,0
20240724-1600,2,7
20240724-1605,0,1
20240724-1610,1,1
20240724-1615,0,0
20240724-1620,0,0
20240724-1625,1,7
20240724-1630,0,0
20240724-1635,0,0
20240724-1640,0,0
20240724-1645,0,0
20240724-1650,0,0
20240724-1655,0,0
20240724-1700,0,0
20240724-1705,0,0
20240724-1710,0,0
20240724-1715,0,0
20240724-1720,0,0
20240724-1725,0,0
20240724-1730,0,0
20240724-1735,0,0
20240724-1740,0,0
20240724-1745,0,0
20240724-1750,0,0
20240724-1755,0,0
20240724-1800,0,0
20240724-1805,0,0
20240724-1810,1,2
20240724-1815,0,0
20240724-1820,1,2
20240724-1825,4,2
20240724-1830,0,0
20240724-1835,0,0
20240724-1840,0,0
20240724-1845,0,-1
20240724-1850,1,0
20240724-1855,0,0
20240724-1900,0,0
20240724-1905,0,3
20240724-1910,0,0
20240724-1915,0,0
20240724-1920,0,0
20240724-1925,0,0
20240724-1930,1,2
20240724-1935,3,4
20240724-1940,0,5
20240724-1945,0,0
20240724-1950,0,0
20240724-1955,2,1
20240724-2000,1,3
20240724-2005,1,3
20240724-2010,2,1
20240724-2015,0,0
20240724-2020,0,0
20240724-2025,0,0
20240724-2030,0,0
20240724-2035,0,0
20240724-2040,0,0
20240724-2045,0,0
20240724-2050,0,0
20240724-2055,0,0
20240724-2100,0,0
20240724-2105,0,0
20240724-2110,0,0
20240724-2115,0,0
20240724-2120,0,0
20240724-2125,0,0
20240724-2130,0,0
20240724-2135,0,0
20240724-2140,0,0
20240724-2145,0,0
20240724-2150,0,0
20240724-2155,0,0
20240724-2200,0,0
20240724-2205,0,0
20240724-2210,0,0
20240724-2215,0,0
20240724-2220,0,0
20240724-2225,0,0
20240724-2230,0,0
20240724-2235,0,0
20240724-2240,0,0
20240724-2245,0,0
20240724-2250,0,0
20240724-2255,0,0
20240724-2300,0,0
20240724-2305,0,0
20240724-2310,0,0
20240724-2315,1,1
20240724-2320,1,0
20240724-2325,4,4
20240724-2330,0,0
20240724-2335,5,9
20240724-2340,2,9
20240724-2345,3,3
20240724-2350,5,6
20240724-2355,4,11
20240725-0000,2,3
20240725-0005,0,0
20240725-0010,0,0
20240725-0015,0,0
20240725-0020,0,0
20240725-0025,0,0
20240725-0030,0,0
20240725-0035,0,0
20240725-0040,0,0
20240725-0045,0,0
20240725-0050,0,0
20240725-0055,0,0
20240725-0100,0,0
20240725-0105,0,0
20240725-0110,0,0
20240725-0115,0,0
20240725-0120,0,0
20240725-0125,0,0
20240725-0130,0,0
20240725-0135,0,0
20240725-0140,0,0
20240725-0145,0,0
20240725-0150,0,0
20240725-0155,2,1
20240725-0200,1,5
20240725-0205,0,1
20240725-0210,2,9
20240725-0215,1,1
20240725-0220,0,0
20240725-0225,0,-1
20240725-0230,0,0
20240725-0235,0,0
20240725-0240,0,0
20240725-0245,0,0
20240725-0250,0,0
20240725-0255,0,0
20240725-0300,0,0
20240725-0305,0,0
20240725-0310,0,0
20240725-0315,0,0
20240725-0320,0,0
20240725-0325,0,0
20240725-0330,0,0
20240725-0335,0,0
20240725-0340,0,0
20240725-0345,0,0
20240725-0350,0,0
20240725-0355,0,0
20240725-0400,0,0
20240725-0405,0,0
20240725-0410,0,0
20240725-0415,0,0
20240725-0420,0,0
20240725-0425,0,0
20240725-0430,0,0
20240725-0435,0,0
20240725-0440,0,0
20240725-0445,0,0
20240725-0450,0,0
20240725-0455,0,0
20240725-0500,0,0
20240725-0505,0,0
20240725-0510,0,0
20240725-0515,0,0
20240725-0520,0,0
20240725-0525,0,0
20240725-0530,0,0
20240725-0535,0,0
20240725-0540,0,0
20240725-0545,0,0
20240725-0550,0,0
20240725-0555,0,0
20240725-0600,0,0
20240725-0605,0,0
20240725-0610,0,0
20240725-0615,0,0
20240725-0620,0,0
20240725-0625,0,0
20240725-0630,0,0
20240725-0635,0,0
20240725-0640,0,0
20240725-0645,0,1
20240725-0650,1,7
20240725-0655,0,0
20240725-0700,2,10
20240725-0705,0,0
20240725-0710,0,0
20240725-0715,1,4
20240725-0720,5,2
20240725-0725,0,3
20240725-0730,0,0
20240725-0735,0,0
20240725-0740,0,0
20240725-0745,0,0
20240725-0750,0,0
20240725-0755,0,0
20240725-0800,0,0
20240725-0805,0,0
20240725-0810,0,0
20240725-0815,0,0
20240725-0820,0,0
20240725-0825,0,0
20240725-0830,0,0
20240725-0835,0,0
20240725-0840,0,0
20240725-0845,0,0
20240725-0850,0,0
20240725-0855,0,0
20240725-0900,0,0
20240725-0905,0,0
20240725-0910,0,0
20240725-0915,0,0
20240725-0920,0,0
20240725-0925,0,0
20240725-0930,0,0
20240725-0935,0,0
20240725-0940,0,0
20240725-0945,0,0
20240725-0950,0,0
20240725-0955,0,0
20240725-1000,0,0
20240725-1005,0,0
20240725-1010,0,0
20240725-1015,0,0
20240725-1020,0,0
20240725-1025,0,0
20240725-1030,0,0
20240725-1035,0,0
20240725-1040,0,0
20240725-1045,0,0
20240725-1050,0,0
20240725-1055,0,0
20240725-1100,0,0
20240725-1105,0,0
20240725-1110,0,0
20240725-1115,0,0
20240725-1120,0,0
20240725-1125,0,0
20240725-1130,0,0
20240725-1135,0,1
20240725-1140,0,0
20240725-1145,0,0
20240725-1150,0,0
20240725-1155,0,0
20240725-1200,0,0
20240725-1205,0,0
20240725-1210,0,0
20240725-1215,0,0
20240725-1220,0,0
20240725-1225,0,0
20240725-1230,0,0
20240725-1235,0,0
20240725-1240,0,0
20240725-1245,0,0
20240725-1250,1,0
20240725-1255,1,4
20240725-1300,0,0
20240725-1305,0,0
20240725-1310,0,2
20240725-1315,3,3
20240725-1320,1,1
20240725-1325,2,2
20240725-1330,0,1
20240725-1335,0,1
20240725-1340,0,0
20240725-1345,0,0
20240725-1350,0,-1
20240725-1355,0,0
20240725-1400,0,0
20240725-1405,0,0
20240725-1410,0,1
20240725-1415,0,1
20240725-1420,0,0
20240725-1425,1,3
20240725-1430,0,2
20240725-1435,0,4
20240725-1440,0,0
20240725-1445,0,0
20240725-1450,0,0
20240725-1455,0,2
20240725-1500,1,2
20240725-1505,1,0
20240725-1510,0,0
20240725-1515,0,0
20240725-1520,0,0
20240725-1525,0,0
20240725-1530,0,0
20240725-1535,0,0
20240725-1540,0,0
20240725-1545,0,0
20240725-1550,0,0
20240725-1555,0,0
20240725-1600,0,0
20240725-1605,0,0
20240725-1610,0,0
20240725-1615,0,0
20240725-1620,0,0
20240725-1625,0,0
20240725-1630,0,0
20240725-1635,0,0
20240725-1640,0,0
20240725-1645,0,0
20240725-1650,0,0
20240725-1655,0,0
20240725-1700,0,0
20240725-1705,0,0
20240725-1710,0,0
20240725-1715,0,0
20240725-1720,0,0
20240725-1725,0,0
20240725-1730,0,0
20240725-1735,0,0
20240725-1740,0,0
20240725-1745,0,0
20240725-1750,0,0
20240725-1755,0,0
20240725-1800,0,0
20240725-1805,0,0
20240725-1810,0,0
20240725-1815,0,0
20240725-1820,0,0
20240725-1825,0,0
20240725-1830,0,0
20240725-1835,0,0
20240725-1840,0,0
20240725-1845,0,0
20240725-1850,0,0
20240725-1855,0,0
20240725-1900,0,0
20240725-1905,0,0
20240725-1910,0,0
20240725-1915,0,0
20240725-1920,0,0
20240725-1925,0,0
20240725-1930,0,0
20240725-1935,0,0
20240725-1940,0,0
20240725-1945,0,0
20240725-1950,0,0
20240725-1955,0,0
20240725-2000,0,0
20240725-2005,0,0
20240725-2010,0,0
20240725-2015,0,0
20240725-2020,0,0
20240725-2025,0,0
20240725-2030,0,0
20240725-2035,0,0
20240725-2040,0,0
20240725-2045,0,0
20240725-2050,0,0
20240725-2055,0,0
20240725-2100,0,0
20240725-2105,0,0
20240725-2110,0,0
20240725-2115,0,0
20240725-2120,0,0
20240725-2125,0,0
20240725-2130,0,0
20240725-2135,0,0
20240725-2140,0,0
20240725-2145,0,0
20240725-2150,0,0
20240725-2155,0,0
20240725-2200,0,0
20240725-2205,0,0
20240725-2210,0,0
20240725-2215,0,0
20240725-2220,0,0
20240725-2225,0,0
20240725-2230,0,0
20240725-2235,0,0
20240725-2240,0,0
20240725-2245,0,0
20240725-2250,0,0
20240725-2255,0,0
20240725-2300,0,0
20240725-2305,0,0
20240725-2310,0,0
20240725-2315,0,0
20240725-2320,0,0
20240725-2325,0,0
20240725-2330,0,0
20240725-2335,0,0
20240725-2340,0,0
20240725-2345,0,0
20240725-2350,0,0
20240725-2355,0,0
20240726-0000,0,0
20240726-0005,0,0
20240726-0010,0,0
20240726-0015,0,0
20240726-0020,0,0
20240726-0025,0,0
20240726-0030,0,0
20240726-0035,0,0
20240726-0040,0,0
20240726-0045,0,0
20240726-0050,0,0
20240726-0055,0,0
20240726-0100,0,0
20240726-0105,0,0
20240726-0110,0,0
20240726-0115,0,0
20240726-0120,0,0
20240726-0125,0,0
20240726-0130,0,0
20240726-0135,0,0
20240726-0140,0,0
20240726-0145,0,0
20240726-0150,0,0
20240726-0155,0,0
20240726-0200,0,0
20240726-0205,0,0
20240726-0210,0,0
20240726-0215,0,0
20240726-0220,0,0
20240726-0225,0,0
20240726-0230,0,0
20240726-0235,0,0
20240726-0240,0,0
20240726-0245,0,0
20240726-0250,0,0
20240726-0255,0,0
20240726-0300,0,0
20240726-0305,0,0
20240726-0310,0,0
20240726-0315,0,0
20240726-0320,0,0
20240726-0325,0,0
20240726-0330,0,0
20240726-0335,0,0
20240726-0340,0,0
20240726-0345,0,0
20240726-0350,0,0
20240726-0355,0,0
20240726-0400,0,0
20240726-0405,0,0
20240726-0410,0,0
20240726-0415,0,0
20240726-0420,0,0
20240726-0425,0,0
20240726-0430,0,0
20240726-0435,0,0
20240726-0440,0,0
20240726-0445,0,0
20240726-0450,0,1
20240726-0455,0,1
20240726-0500,0,5
20240726-0505,0,5
20240726-0510,1,3
20240726-0515,3,7
20240726-0520,2,2
20240726-0525,2,8
20240726-0530,3,11
20240726-0535,4,5
20240726-0540,1,7
20240726-0545,2,1
20240726-0550,1,1
20240726-0555,0,0
20240726-0600,0,0
20240726-0605,0,0
20240726-0610,0,0
20240726-0615,0,0
20240726-0620,0,0
20240726-0625,0,0
20240726-0630,0,4
20240726-0635,0,0
20240726-0640,2,0
20240726-0645,0,3
20240726-0650,1,1
20240726-0655,1,2
20240726-0700,2,7
20240726-0705,1,2
20240726-0710,0,3
20240726-0715,0,0
20240726-0720,0,0
20240726-0725,2,-1
20240726-0730,1,3
20240726-0735,0,0
20240726-0740,1,0
20240726-0745,2,5
20240726-0750,1,6
20240726-0755,1,3
20240726-0800,0,0
20240726-0805,0,0
20240726-0810,0,0
20240726-0815,0,0
20240726-0820,0,0
20240726-0825,0,0
20240726-0830,0,0
20240726-0835,0,0
20240726-0840,0,0
20240726-0845,0,0
20240726-0850,0,0
20240726-0855,0,0
20240726-0900,0,0
20240726-0905,0,0
20240726-0910,0,0
20240726-0915,0,0
20240726-0920,0,0
20240726-0925,1,1
20240726-0930,0,0
20240726-0935,0,0
20240726-0940,0,0
20240726-0945,0,0
20240726-0950,0,0
20240726-0955,0,0
20240726-1000,1,0
20240726-1005,0,0
20240726-1010,0,0
20240726-1015,0,0
20240726-1020,0,0
20240726-1025,0,0
20240726-1030,0,0
20240726-1035,0,0
20240726-1040,0,0
20240726-1045,0,0
20240726-1050,0,0
20240726-1055,0,0
20240726-1100,0,0
20240726-1105,0,0
20240726-1110,0,0
20240726-1115,0,0
20240726-1120,0,0
20240726-1125,0,0
20240726-1130,0,0
20240726-1135,0,0
20240726-1140,0,0
20240726-1145,0,0
20240726-1150,0,0
20240726-1155,0,0
20240726-1200,0,0
20240726-1205,0,0
20240726-1210,0,0
20240726-1215,0,0
20240726-1220,0,0
20240726-1225,0,0
20240726-1230,0,0
20240726-1235,0,0
20240726-1240,0,0
20240726-1245,0,0
20240726-1250,2,5
20240726-1255,0,0
20240726-1300,0,0
20240726-1305,0,0
20240726-1310,0,0
20240726-1315,0,0
20240726-1320,0,0
20240726-1325,0,0
20240726-1330,0,0
20240726-1335,3,4
20240726-1340,0,0
20240726-1345,0,0
20240726-1350,3,7
20240726-1355,0,5
20240726-1400,1,0
20240726-1405,0,0
20240726-1410,0,0
20240726-1415,0,5
20240726-1420,0,7
20240726-1425,0,2
20240726-1430,1,5
20240726-1435,1,3
20240726-1440,0,0
20240726-1445,0,0
20240726-1450,0,2
20240726-1455,0,0
20240726-1500,0,0
20240726-1505,0,4
20240726-1510,2,3
20240726-1515,0,2
20240726-1520,1,3
20240726-1525,1,3
20240726-1530,0,3
20240726-1535,0,0
20240726-1540,1,2
20240726-1545,3,2
20240726-1550,0,0
20240726-1555,0,3
20240726-1600,1,4
20240726-1605,1,3
20240726-1610,2,3
20240726-1615,2,2
20240726-1620,0,0
20240726-1625,0,1
20240726-1630,0,0
20240726-1635,0,4
20240726-1640,0,4
20240726-1645,0,0
20240726-1650,0,0
20240726-1655,1,1
20240726-1700,1,4
20240726-1705,0,0
20240726-1710,1,4
20240726-1715,0,4
20240726-1720,0,1
20240726-1725,0,0
20240726-1730,1,5
20240726-1735,0,3
20240726-1740,0,3
20240726-1745,0,0
20240726-1750,0,2
20240726-1755,0,0
20240726-1800,0,0
20240726-1805,0,0
20240726-1810,0,0
20240726-1815,0,0
20240726-1820,0,0
20240726-1825,0,0
20240726-1830,0,0
20240726-1835,0,0
20240726-1840,0,-1
20240726-1845,0,0
20240726-1850,0,0
20240726-1855,0,0
20240726-1900,0,0
20240726-1905,0,0
20240726-1910,0,0
20240726-1915,0,0
20240726-1920,0,0
20240726-1925,0,0
20240726-1930,0,0
20240726-1935,0,0
20240726-1940,0,0
20240726-1945,0,0
20240726-1950,0,0
20240726-1955,0,0
20240726-2000,0,0
20240726-2005,0,0
20240726-2010,0,0
20240726-2015,0,0
20240726-2020,0,0
20240726-2025,0,0
20240726-2030,0,0
20240726-2035,0,-2
20240726-2040,0,0
20240726-2045,0,0
20240726-2050,0,0
20240726-2055,0,0
20240726-2100,0,0
20240726-2105,0,0
20240726-2110,0,0
20240726-2115,0,0
20240726-2120,0,0
20240726-2125,0,0
20240726-2130,0,0
20240726-2135,0,0
20240726-2140,0,0
20240726-2145,0,0
20240726-2150,0,0
20240726-2155,0,0
20240726-2200,0,0
20240726-2205,0,0
20240726-2210,0,0
20240726-2215,0,0
20240726-2220,0,0
20240726-2225,0,0
20240726-2230,0,0
20240726-2235,0,0
20240726-2240,0,0
20240726-2245,0,0
20240726-2250,0,0
20240726-2255,0,0
20240726-2300,0,0
20240726-2305,0,0
20240726-2310,0,0
20240726-2315,0,0
20240726-2320,2,3
20240726-2325,1,3
20240726-2330,0,0
20240726-2335,1,6
20240726-2340,0,1
20240726-2345,1,2
20240726-2350,0,0
20240726-2355,0,0
20240727-0000,0,0
20240727-0005,0,4
20240727-0010,0,2
20240727-0015,4,5
20240727-0020,3,6
20240727-0025,2,1
20240727-0030,0,0
20240727-0035,0,0
20240727-0040,0,0
20240727-0045,1,1
20240727-0050,2,3
20240727-0055,1,4
20240727-0100,1,9
20240727-0105,0,7
20240727-0110,0,5
20240727-0115,0,4
20240727-0120,0,0
20240727-0125,0,0
20240727-0130,0,0
20240727-0135,0,0
20240727-0140,0,0
20240727-0145,0,1
20240727-0150,1,1
20240727-0155,0,0
20240727-0200,0,0
20240727-0205,0,0
20240727-0210,0,-1
20240727-0215,0,0
20240727-0220,0,0
20240727-0225,0,2
20240727-0230,1,2
20240727-0235,0,1
20240727-0240,2,2
20240727-0245,0,1
20240727-0250,0,0
20240727-0255,0,0
20240727-0300,1,0
20240727-0305,1,9
20240727-0310,2,6
20240727-0315,0,0
20240727-0320,0,0
20240727-0325,0,0
20240727-0330,0,0
20240727-0335,0,0
20240727-0340,0,5
20240727-0345,0,1
20240727-0350,1,0
20240727-0355,0,0
20240727-0400,0,0
20240727-0405,0,0
20240727-0410,0,-2
20240727-0415,0,0
20240727-0420,0,0
20240727-0425,0,0
20240727-0430,1,4
20240727-0435,0,4
20240727-0440,0,0
20240727-0445,0,0
20240727-0450,0,0
20240727-0455,0,0
20240727-0500,0,0
20240727-0505,0,0
20240727-0510,0,0
20240727-0515,0,0
20240727-0520,0,0
20240727-0525,0,0
20240727-0530,0,0
20240727-0535,0,0
20240727-0540,0,0
20240727-0545,0,0
20240727-0550,0,0
20240727-0555,0,0
20240727-0600,0,0
20240727-0605,0,0
20240727-0610,0,0
20240727-0615,0,0
20240727-0620,0,0
20240727-0625,0,0
20240727-0630,0,0
20240727-0635,0,0
20240727-0640,0,0
20240727-0645,0,0
20240727-0650,0,0
20240727-0655,0,0
20240727-0700,0,0
20240727-0705,0,0
20240727-0710,0,0
20240727-0715,0,0
20240727-0720,0,0
20240727-0725,0,0
20240727-0730,0,0
20240727-0735,0,0
20240727-0740,0,0
20240727-0745,0,0
20240727-0750,0,0
20240727-0755,0,0
20240727-0800,0,0
20240727-0805,0,0
20240727-0810,0,0
20240727-0815,0,0
20240727-0820,0,0
20240727-0825,0,0
20240727-0830,0,0
20240727-0835,0,0
20240727-0840,0,2
20240727-0845,1,1
20240727-0850,2,5
20240727-0855,0,0
20240727-0900,0,0
20240727-0905,1,5
20240727-0910,0,0
20240727-0915,0,0
20240727-0920,0,0
20240727-0925,0,0
20240727-0930,0,0
20240727-0935,0,1
20240727-0940,0,0
20240727-0945,0,1
20240727-0950,1,3
20240727-0955,1,0
20240727-1000,0,2
20240727-1005,2,0
20240727-1010,1,0
20240727-1015,0,1
20240727-1020,0,0
20240727-1025,0,2
20240727-1030,2,0
20240727-1035,3,2
20240727-1040,1,5
20240727-1045,0,0
20240727-1050,0,0
20240727-1055,0,0
20240727-1100,0,0
20240727-1105,0,0
20240727-1110,1,5
20240727-1115,1,2
20240727-1120,0,0
20240727-1125,0,0
20240727-1130,0,0
20240727-1135,0,0
20240727-1140,0,0
20240727-1145,0,1
20240727-1150,2,4
20240727-1155,1,0
20240727-1200,3,1
20240727-1205,1,0
20240727-1210,0,4
20240727-1215,0,0
20240727-1220,0,0
20240727-1225,0,0
20240727-1230,1,0
20240727-1235,1,0
20240727-1240,1,2
20240727-1245,0,0
20240727-1250,2,1
20240727-1255,2,8
20240727-1300,0,3
20240727-1305,0,0
20240727-1310,0,0
20240727-1315,0,0
20240727-1320,1,1
20240727-1325,0,7
20240727-1330,0,0
20240727-1335,0,0
20240727-1340,0,0
20240727-1345,2,3
20240727-1350,4,8
20240727-1355,0,0
20240727-1400,0,0
20240727-1405,0,0
20240727-1410,0,0
20240727-1415,0,0
20240727-1420,0,0
20240727-1425,0,0
20240727-1430,0,0
20240727-1435,0,0
20240727-1440,0,0
20240727-1445,0,0
20240727-1450,0,0
20240727-1455,0,0
20240727-1500,0,0
20240727-1505,0,0
20240727-1510,0,0
20240727-1515,0,0
20240727-1520,0,0
20240727-1525,0,0
20240727-1530,0,1
20240727-1535,0,0
20240727-1540,3,6
20240727-1545,0,3
20240727-1550,0,0
20240727-1555,0,0
20240727-1600,0,0
20240727-1605,0,1
20240727-1610,1,0
20240727-1615,0,1
20240727-1620,2,4
20240727-1625,0,1
20240727-1630,3,4
20240727-1635,0,0
20240727-1640,1,2
20240727-1645,1,3
20240727-1650,1,3
20240727-1655,0,0
20240727-1700,1,4
20240727-1705,1,1
20240727-1710,1,3
20240727-1715,3,5
20240727-1720,0,4
20240727-1725,1,7
20240727-1730,1,4
20240727-1735,2,4
20240727-1740,2,3
20240727-1745,0,8
20240727-1750,0,0
20240727-1755,1,3
20240727-1800,1,3
20240727-1805,1,1
20240727-1810,0,2
20240727-1815,0,4
20240727-1820,0,5
20240727-1825,0,0
20240727-1830,0,0
20240727-1835,0,0
20240727-1840,0,4
20240727-1845,0,0
20240727-1850,0,0
20240727-1855,1,1
20240727-1900,0,2
20240727-1905,0,0
20240727-1910,0,0
20240727-1915,0,0
20240727-1920,0,0
20240727-1925,0,0
20240727-1930,0,0
20240727-1935,0,0
20240727-1940,0,0
20240727-1945,0,0
20240727-1950,0,-1
20240727-1955,0,0
20240727-2000,0,0
20240727-2005,0,0
20240727-2010,0,0
20240727-2015,0,0
20240727-2020,0,0
20240727-2025,0,0
20240727-2030,0,0
20240727-2035,3,7
20240727-2040,0,1
20240727-2045,2,8
20240727-2050,2,2
20240727-2055,0,1
20240727-2100,0,3
20240727-2105,2,11
20240727-2110,0,3
20240727-2115,0,0
20240727-2120,0,3
20240727-2125,0,6
20240727-2130,0,3
20240727-2135,0,0
20240727-2140,0,0
20240727-2145,0,0
20240727-2150,0,-1
20240727-2155,0,0
20240727-2200,0,0
20240727-2205,0,0
20240727-2210,0,0
20240727-2215,0,0
20240727-2220,0,0
20240727-2225,0,0
20240727-2230,0,0
20240727-2235,0,0
20240727-2240,0,0
20240727-2245,0,0
20240727-2250,0,0
20240727-2255,0,0
20240727-2300,0,0
20240727-2305,0,0
20240727-2310,0,0
20240727-2315,0,0
20240727-2320,0,0
20240727-2325,1,12
20240727-2330,0,2
20240727-2335,0,0
20240727-2340,1,3
20240727-2345,2,8
20240727-2350,1,6
20240727-2355,1,11
20240728-0000,0,8
20240728-0005,1,5
20240728-0010,0,6
20240728-0015,0,1
20240728-0020,0,3
20240728-0025,1,4
20240728-0030,0,4
20240728-0035,0,2
20240728-0040,0,0
20240728-0045,0,0
20240728-0050,0,0
20240728-0055,0,0
20240728-0100,0,0
20240728-0105,0,0
20240728-0110,0,0
20240728-0115,0,0
20240728-0120,0,0
20240728-0125,0,3
20240728-0130,0,0
20240728-0135,0,0
20240728-0140,0,0
20240728-0145,0,0
20240728-0150,0,0
20240728-0155,0,0
20240728-0200,0,0
20240728-0205,0,0
20240728-0210,0,0
20240728-0215,0,0
20240728-0220,0,0
20240728-0225,0,0
20240728-0230,0,0
20240728-0235,0,0
20240728-0240,0,0
20240728-0245,0,0
20240728-0250,0,0
20240728-0255,0,0
20240728-0300,0,-1
20240728-0305,0,0
20240728-0310,0,0
20240728-0315,0,0
20240728-0320,0,0
20240728-0325,0,0
20240728-0330,0,0
20240728-0335,0,0
20240728-0340,0,0
20240728-0345,0,0
20240728-0350,0,0
20240728-0355,0,0
20240728-0400,0,0
20240728-0405,0,0
20240728-0410,0,0
20240728-0415,0,0
20240728-0420,0,0
20240728-0425,0,0
20240728-0430,0,0
20240728-0435,0,0
20240728-0440,0,0
20240728-0445,0,0
20240728-0450,0,0
20240728-0455,0,0
20240728-0500,0,0
20240728-0505,0,0
20240728-0510,0,0
20240728-0515,0,0
20240728-0520,0,0
20240728-0525,0,0
20240728-0530,0,0
20240728-0535,0,0
20240728-0540,0,0
20240728-0545,0,0
20240728-0550,0,0
20240728-0555,0,0
20240728-0600,0,0
20240728-0605,0,0
20240728-0610,0,0
20240728-0615,0,0
20240728-0620,0,0
20240728-0625,0,0
20240728-0630,0,0
20240728-0635,0,0
20240728-0640,0,0
20240728-0645,0,1
20240728-0650,0,0
20240728-0655,0,0
20240728-0700,0,0
20240728-0705,0,1
20240728-0710,2,1
20240728-0715,1,1
20240728-0720,1,6
20240728-0725,0,1
20240728-0730,1,3
20240728-0735,0,6
20240728-0740,2,1
20240728-0745,1,5
20240728-0750,0,0
20240728-0755,0,0
20240728-0800,0,3
20240728-0805,2,7
20240728-0810,0,3
20240728-0815,0,0
20240728-0820,0,1
20240728-0825,0,0
20240728-0830,0,0
20240728-0835,0,0
20240728-0840,0,0
20240728-0845,0,0
20240728-0850,0,0
20240728-0855,0,6
20240728-0900,0,1
20240728-0905,0,1
20240728-0910,1,4
20240728-0915,0,0
20240728-0920,0,0
20240728-0925,0,1
20240728-0930,0,0
20240728-0935,1,1
20240728-0940,0,0
20240728-0945,0,0
20240728-0950,0,1
20240728-0955,0,2
20240728-1000,1,5
20240728-1005,1,5
20240728-1010,2,5
20240728-1015,0,0
20240728-1020,2,0
20240728-1025,0,2
20240728-1030,1,1
20240728-1035,2,0
20240728-1040,0,0
20240728-1045,0,0
20240728-1050,0,0
20240728-1055,0,0
20240728-1100,0,0
20240728-1105,0,0
20240728-1110,1,2
20240728-1115,0,0
20240728-1120,0,0
20240728-1125,0,0
20240728-1130,0,0
20240728-1135,0,0
20240728-1140,0,0
20240728-1145,0,0
20240728-1150,0,0
20240728-1155,0,0
20240728-1200,0,1
20240728-1205,0,0
20240728-1210,0,0
20240728-1215,0,0
20240728-1220,0,-1
20240728-1225,0,0
20240728-1230,0,0
20240728-1235,0,0
20240728-1240,0,0
20240728-1245,0,0
20240728-1250,0,0
20240728-1255,0,0
20240728-1300,0,0
20240728-1305,0,0
20240728-1310,0,0
20240728-1315,0,0
20240728-1320,0,0
20240728-1325,1,4
20240728-1330,0,0
20240728-1335,0,0
20240728-1340,2,4
20240728-1345,5,14
20240728-1350,2,5
20240728-1355,0,0
20240728-1400,0,0
20240728-1405,0,0
20240728-1410,0,0
20240728-1415,1,2
20240728-1420,0,0
20240728-1425,0,0
20240728-1430,1,0
20240728-1435,0,0
20240728-1440,0,0
20240728-1445,0,0
20240728-1450,0,0
20240728-1455,0,0
20240728-1500,0,0
20240728-1505,0,0
20240728-1510,0,0
20240728-1515,0,0
20240728-1520,0,0
20240728-1525,0,0
20240728-1530,0,0
20240728-1535,0,0
20240728-1540,0,0
20240728-1545,0,0
20240728-1550,0,0
20240728-1555,0,0
20240728-1600,3,7
20240728-1605,0,1
20240728-1610,0,1
20240728-1615,1,1
20240728-1620,0,0
20240728-1625,0,1
20240728-1630,1,5
20240728-1635,1,3
20240728-1640,0,1
20240728-1645,0,0
20240728-1650,0,0
20240728-1655,0,1
20240728-1700,0,4
20240728-1705,0,0
20240728-1710,0,0
20240728-1715,0,0
20240728-1720,0,0
20240728-1725,0,0
20240728-1730,0,0
20240728-1735,0,0
20240728-1740,0,0
20240728-1745,0,0
20240728-1750,0,0
20240728-1755,0,0
20240728-1800,0,0
20240728-1805,0,-5
20240728-1810,0,0
20240728-1815,0,0
20240728-1820,0,0
20240728-1825,0,0
20240728-1830,0,0
20240728-1835,0,0
20240728-1840,0,0
20240728-1845,0,0
20240728-1850,0,0
20240728-1855,0,0
20240728-1900,0,0
20240728-1905,0,0
20240728-1910,0,0
20240728-1915,0,0
20240728-1920,0,0
20240728-1925,0,0
20240728-1930,0,0
20240728-1935,0,0
20240728-1940,0,0
20240728-1945,0,-1
20240728-1950,0,0
20240728-1955,0,0
20240728-2000,0,0
20240728-2005,0,0
20240728-2010,0,0
20240728-2015,1,1
20240728-2020,0,0
20240728-2025,5,4
20240728-2030,1,1
20240728-2035,1,0
20240728-2040,1,2
20240728-2045,2,3
20240728-2050,0,0
20240728-2055,0,0
20240728-2100,0,0
20240728-2105,0,3
20240728-2110,0,3
20240728-2115,1,1
20240728-2120,3,4
20240728-2125,2,8
20240728-2130,1,8
20240728-2135,1,9
20240728-2140,0,6
20240728-2145,0,0
20240728-2150,0,2
20240728-2155,1,7
20240728-2200,0,5
20240728-2205,0,2
20240728-2210,0,17
20240728-2215,2,1
20240728-2220,1,8
20240728-2225,2,8
20240728-2230,2,6
20240728-2235,0,0
20240728-2240,1,11
20240728-2245,1,5
20240728-2250,2,6
20240728-2255,1,2
20240728-2300,0,2
20240728-2305,0,0
20240728-2310,0,1
20240728-2315,0,0
20240728-2320,0,0
20240728-2325,0,0
20240728-2330,0,0
20240728-2335,0,0
20240728-2340,0,0
20240728-2345,0,0
20240728-2350,0,0
20240728-2355,0,0
20240729-0000,0,0
20240729-0005,0,0
20240729-0010,0,0
20240729-0015,0,0
20240729-0020,0,0
20240729-0025,0,0
20240729-0030,0,0
20240729-0035,0,0
20240729-0040,0,0
20240729-0045,0,0
20240729-0050,0,0
20240729-0055,0,0
20240729-0100,0,0
20240729-0105,0,0
20240729-0110,0,0
20240729-0115,0,0
20240729-0120,0,0
20240729-0125,0,0
20240729-0130,0,0
20240729-0135,0,0
20240729-0140,0,0
20240729-0145,0,0
20240729-0150,0,0
20240729-0155,0,0
20240729-0200,0,0
20240729-0205,0,0
20240729-0210,0,0
20240729-0215,0,0
20240729-0220,0,0
20240729-0225,0,0
20240729-0230,0,0
20240729-0235,0,0
20240729-0240,0,0
20240729-0245,0,0
20240729-0250,0,0
20240729-0255,0,0
20240729-0300,0,0
20240729-0305,0,0
20240729-0310,0,0
20240729-0315,0,0
20240729-0320,0,0
20240729-0325,0,0
20240729-0330,0,0
20240729-0335,0,0
20240729-0340,0,0
20240729-0345,0,0
20240729-0350,0,0
20240729-0355,0,0
20240729-0400,0,0
20240729-0405,0,0
20240729-0410,0,0
20240729-0415,0,0
20240729-0420,0,0
20240729-0425,0,0
20240729-0430,0,0
20240729-0435,0,0
20240729-0440,0,0
20240729-0445,0,0
20240729-0450,0,0
20240729-0455,0,0
20240729-0500,0,0
20240729-0505,0,0
20240729-0510,0,0
20240729-0515,0,0
20240729-0520,0,0
20240729-0525,0,0
20240729-0530,0,0
20240729-0535,0,0
20240729-0540,0,0
20240729-0545,0,0
20240729-0550,0,0
20240729-0555,0,0
20240729-0600,0,0
20240729-0605,0,0
20240729-0610,0,5
20240729-0615,0,4
20240729-0620,0,1
20240729-0625,3,3
20240729-0630,1,0
20240729-0635,3,7
20240729-0640,2,2
20240729-0645,0,0
20240729-0650,3,14
20240729-0655,0,0
20240729-0700,0,0
20240729-0705,2,2
20240729-0710,5,2
20240729-0715,2,4
20240729-0720,2,8
20240729-0725,3,6
20240729-0730,2,1
20240729-0735,5,5
20240729-0740,4,10
20240729-0745,2,8
20240729-0750,0,0
20240729-0755,0,0
20240729-0800,0,0
20240729-0805,2,3
20240729-0810,5,10
20240729-0815,0,0
20240729-0820,0,0
20240729-0825,0,0
20240729-0830,1,1
20240729-0835,1,6
20240729-0840,0,0
20240729-0845,4,8
20240729-0850,0,2
20240729-0855,0,3
20240729-0900,1,0
20240729-0905,3,12
20240729-0910,0,11
20240729-0915,2,4
20240729-0920,1,0
20240729-0925,0,-1
20240729-0930,0,0
20240729-0935,0,0
20240729-0940,0,0
20240729-0945,2,2
20240729-0950,1,0
20240729-0955,0,0
20240729-1000,0,0
20240729-1005,0,0
20240729-1010,0,0
20240729-1015,2,2
20240729-1020,0,5
20240729-1025,0,0
20240729-1030,0,0
20240729-1035,0,0
20240729-1040,0,0
20240729-1045,0,0
20240729-1050,0,0
20240729-1055,0,0
20240729-1100,0,0
20240729-1105,0,0
20240729-1110,0,0
20240729-1115,0,0
20240729-1120,0,0
20240729-1125,0,-7
20240729-1130,0,0
20240729-1135,0,0
20240729-1140,0,0
20240729-1145,0,0
20240729-1150,0,0
20240729-1155,2,0
20240729-1200,5,7
20240729-1205,5,3
20240729-1210,0,0
20240729-1215,0,0
20240729-1220,0,0
20240729-1225,0,0
20240729-1230,0,0
20240729-1235,0,0
20240729-1240,0,0
20240729-1245,0,0
20240729-1250,0,0
20240729-1255,0,0
20240729-1300,0,0
20240729-1305,0,0
20240729-1310,0,0
20240729-1315,0,0
20240729-1320,0,0
20240729-1325,0,0
20240729-1330,0,0
20240729-1335,0,0
20240729-1340,0,0
20240729-1345,0,0
20240729-1350,2,4
20240729-1355,3,3
20240729-1400,5,9
20240729-1405,2,8
20240729-1410,3,6
20240729-1415,1,5
20240729-1420,2,11
20240729-1425,1,3
20240729-1430,4,8
20240729-1435,4,13
20240729-1440,2,5
20240729-1445,1,3
20240729-1450,0,6
20240729-1455,0,1
20240729-1500,1,1
20240729-1505,1,2
20240729-1510,1,5
20240729-1515,1,0
20240729-1520,1,0
20240729-1525,0,3
20240729-1530,1,0
20240729-1535,1,5
20240729-1540,1,1
20240729-1545,0,0
20240729-1550,0,6
20240729-1555,0,1
20240729-1600,0,3
20240729-1605,2,6
20240729-1610,0,-2
20240729-1615,0,0
20240729-1620,0,0
20240729-1625,0,1
20240729-1630,5,2
20240729-1635,1,2
20240729-1640,2,6
20240729-1645,0,0
20240729-1650,0,0
20240729-1655,1,2
20240729-1700,1,2
20240729-1705,1,0
20240729-1710,1,8
20240729-1715,2,6
20240729-1720,0,1
20240729-1725,1,1
20240729-1730,0,6
20240729-1735,0,7
20240729-1740,2,2
20240729-1745,1,0
20240729-1750,0,0
20240729-1755,1,0
20240729-1800,0,0
20240729-1805,0,0
20240729-1810,1,-1
20240729-1815,0,0
20240729-1820,0,1
20240729-1825,0,0
20240729-1830,3,5
20240729-1835,2,4
20240729-1840,0,0
20240729-1845,0,0
20240729-1850,4,4
20240729-1855,1,9
20240729-1900,0,2
20240729-1905,1,1
20240729-1910,0,6
20240729-1915,0,0
20240729-1920,0,0
20240729-1925,0,0
20240729-1930,0,0
20240729-1935,0,0
20240729-1940,0,0
20240729-1945,0,0
20240729-1950,1,3
20240729-1955,0,0
20240729-2000,0,0
20240729-2005,0,0
20240729-2010,0,-1
20240729-2015,0,0
20240729-2020,0,0
20240729-2025,0,0
20240729-2030,0,0
20240729-2035,0,0
20240729-2040,0,0
20240729-2045,0,0
20240729-2050,0,0
20240729-2055,0,0
20240729-2100,0,0
20240729-2105,0,0
20240729-2110,0,0
20240729-2115,0,0
20240729-2120,0,0
20240729-2125,0,0
20240729-2130,0,0
20240729-2135,2,1
20240729-2140,1,4
20240729-2145,1,3
20240729-2150,3,4
20240729-2155,0,3
20240729-2200,1,5
20240729-2205,0,0
20240729-2210,1,-1
20240729-2215,0,5
20240729-2220,1,4
20240729-2225,0,2
20240729-2230,1,1
20240729-2235,1,3
20240729-2240,0,4
20240729-2245,0,2
20240729-2250,0,3
20240729-2255,0,0
20240729-2300,2,3
20240729-2305,0,4
20240729-2310,-1,1
20240729-2315,0,0
20240729-2320,0,0
20240729-2325,0,0
20240729-2330,0,0
20240729-2335,0,0
20240729-2340,0,0
20240729-2345,0,0
20240729-2350,0,0
20240729-2355,0,0
20240730-0000,0,-1
20240730-0005,0,0